"num","titre","annee"
"397","Interdiction momentanée du stationnement et de la circulation Chemin desCarrouges",2024
"400","Interdiction momentanée du stationnement et modification momentanée de lacirculation sur Rue Jules Guesde |",2024
"401","Interdiction momentanée du stationnement Avenue des Mésarmes",2024
"402","Institution d’une zone de stationnement payant dans différentes voies de la Ville etréglementation du stationnement sur l’ensemble des voies de la commune",2024
"403","Modification momentanée de la circulation et interdiction momentanée du |stationnement dans les différentes voies de la Ville",2024
"404","Interdiction momentanée du stationnement Route de Villemomble |",2024
"405","Interdiction momentanée du stationnement et modification de la circulation Rue |Jules Guesde |",2024
"406","Interdiction momentanée du stationnement et modification momentanée de la |circulation sur l'Avenue Pasteur, Rue Jules Guesde et la Rue Gatine",2024
"407","Dérogation a l'Arrété Préfectoral N°99-5493du 30 décembre 1999 pour des travauxd'Enedis pour I'Avenue Gallieni et la Route de Stains",2024
"408","Interdiction momentanée du stationnement et de la circulation Rue du 4Septembre",2024
"409","Interdiction momentanée du stationnement Route de Villemomble",2024
"411","Interdiction momentanée du stationnement et modification de la circulation RueAuguste Blanqui",2024
"412","Interdiction momentanée du stationnement et modification de la circulation",2024
"413","Autorisation momentanée du stationnement sur I'Avenue Carnot ||",2024
"414","Interdiction momentanée du stationnement et de la circulation Rue du Professeur Vaillant, Rue Raoul, Rue Bernard de Jussieu, Rue de Trémeuge, Avenue Henri Barbusse et Rue Louis Auguste Blanqui",2024
"428","Interdiction momentanée de la circulation et du stationnement dans les différentesvoies de la Ville",2024
"429","Interdiction momentanée du stationnement et de la circulation Rue Clara Grandet |",2024
"430","Interdiction momentanée du stationnement et de la circulation Rue PhiléasCollardeau |",2024
"431","Modification momentanée de la circulation Chemin du Pont",2024
"434","Interdiction momentanée du stationnement et modification de la circulation pendant une opération de nettoyage de l’espace public Rue Marcel Dassault",2024
"435","Interdiction momentanée du stationnement et modification de la circulationpendant une opération de nettoyage de l'espace public sur I'Avenue de l'Est, |",2024
"436","Interdiction momentanée du stationnement Rue Etienne Dolet |",2024
"437","Réglementation des emplacements de stationnement réserves aux personnes titulaires de la carte européenne de stationnement ou carte mobilité inclusion (ex",2024
"438","Interdiction momentanée du stationnement rue du Coq Gaulois |",2024
"439","Arrété permanent annuel réglementant la circulation et le stationnement sur lesinterventions de travaux d'assainissement sur le domaine public",2024
"440","Interdiction momentanée du stationnement et de la circulation sur la Rue PaulRenaud",2024
"441","Interdiction momentanée du stationnement et de la circulation Avenue Mésarmes ,Avenue Gueugnon et la Rue Clara Grandet",2024
"335","Modification momentanée de la circulation et interdiction du stationnement surl'avenue Suzanne Buisson",2025
"334","Interdiction momentanée du stationnement rue David Leder et avenue Dumesnil",2025
"332","INTERDICTION MOMENTANEE DE LA CIRCULATION RUE MARCELDASSAULT ET RUE ETIENNE DOLLET",2025
"331","Interdiction momentanée du stationnement et modification de la circulation RueNoémie et Rue Gaston Defferre",2025
"329","Interdiction momentanée du stationnement Rue Roger Salengro",2025
"328","Interdiction momentanée du stationnement Avenue Carnot",2025
"327","Interdiction momentanée du stationnement Avenue Suzanne Buisson",2025
"326","Interdiction momentanée du stationnement et modification de la circulation RueMarcel Dassault",2025
"334","Interdiction momentanée du stationnement rue David Leder et avenue Dumesnil",2025
"331","Interdiction momentanée du stationnement et modification de la circulation RueNoémie et Rue Gaston Defferre",2025
"325","Modification momentanée de la circulation et du stationnement sur différentesvoies de la Ville",2025
"322","Interdiction momentanée du stationnement Avenue Jules Guesde, AvenueVaragnat et Avenue Henri Barbusse",2025
"346","Interdiction momentanée du stationnement Rue Nadia Murad",2025
"345","Modification momentanée du stationnement et de la circulation Chemin desCarouges",2025
"344","Modification momentanée de la circulation et interdiction momentanée dustationnement Chemin Latéral et la Route d'Aulnay",2025
"343","Interdiction momentanée du stationnement sur |'Avenue Henri Barbusse et la Ruedu Chalet",2025
"342","Modification momentanée de la circulation, du stationnement sur la rue EdouardVaillant",2025
"341","Interdiction momentanée de la circulation et du stationnement sur divers voies dela Ville",2025
"340","Modification momentanée de la circulation et interdiction momentanée dustationnement sur la Rue Auguste Blanqui et La Rue de la Liberté",2025
"339","INTERDICTION MOMENTANEE DU STATIONNEMENT RUE PHILEASCOLLARDEAU, RUE FREMIN ET RUE PAUL VAILLANT COUTURIER",2025
"337","REGLEMENTATION DE LA CIRCULATION A L'OCCASION D’UNSPETACLE DEANBULATOIRE SUR DIFFERENTES VOIES DE LA VILLE",2025
"336","Modification momentanée de la circulation et interdiction momentanée dustationnement dans les différentes voies de la Ville",2025
