"","indImage","article1"
"1",1,"ARTICLE 1"" : A compter du lundi 23 février 2026 et jusqu’au jeudi 31 décembre 2026,"
"4",4,"ARTICLE 1* : Les mercredis 11 février 2026 et 25 février 2026, de 07h00 a 19h00, pendant"
"6",6,"ARTICLE 1* : A compter du lundi 16 février 2026 et jusqu’au vendredi 27 février 2026,"
"8",8,"ARTICLE 1"" — A compter du lundi 16 février 2026 et jusqu’au vendredi 27 février 2026,"
"10",10,"ARTICLE I: La société EIFFAGE est autorisée a effectuer des travaux de réfection de voirie et"
"12",12,"ARTICLE 1"" : A compter du mercredi 11 mars 2026 et jusqu’au vendredi 10 avril 2026,"
"14",14,"ARTICLE 1"" : A compter du mardi 16 mars 2026 et jusqu’au vendredi 03 avril 2026,"
"16",16,"ARTICLE 1* : Le présent arrété abroge et remplace |’arrété n° A2025 418 en date du 26"
"20",20,"ARTICLE 1* : A compter du lundi 02 mars et jusqu’au vendredi 13 mars 2026 de 08h00 a"
"22",22,"ARTICLE ler : A compter du lundi 09 mars 2026 au vendredi 26 juin 2026, pendant les"
"24",24,"ARTICLE ler : A compter du lundi 09 mars 2026 et jusqu’au vendredi 03 avril 2026,"
"26",26,"ARTICLE 1"" : A compter du lundi 09 mars 2026 et jusqu’au vendredi 20 mars 2026,"
"28",28,"ARTICLE 1"" : Le mercredi 04 mars 2026 de 08h00 jusqu’a 16h00, la circulation et le"
"31",31,"ARTICLE 1: A compter du lundi 23 février 2026 et jusqu’au vendredi 13 mars 2026"
"33",33,"ARTICLE 1° : Par dérogation a l'article 6 de l’arrété préfectoral n° 2022-2890 du 15"
"35",35,"ARTICLE 1"" : A compter du lundi 23 février 2026 et jusqu’au vendredi 13 mars 2026,"
"37",37,"ARTICLE 1 : Dans le cadre de l’organisation de la vigile Pascale aux abords du Palais des"
"39",39,"ARTICLE 1"": A compter du vendredi 10 avril 2026 et jusqu’au vendredi 1° mai 2026,"
"41",41,"ARTICLE ler: A compter du lundi 20 avril 2026 et jusqu’au vendredi 01 mai 2026, pendant"
"43",43,"ARTICLE 1* : A compter du lundi 30 mars 2026 et jusqu’au vendredi 17 avril 2026 sauf"
"45",45,"ARTICLE 1* : A compter du vendredi 20 mars 2026 et jusqu’au jeudi 30 avril 2026, la"
"47",47,"ARTICLE 1"": A compter du lundi 30 mars 2026 et jusqu’au vendredi 10 avril 2026,"
"49",49,"ARTICLE 1* : Les mardi 07 avril, jeudi 11 juin, mardi 21 juillet, lundi 10 aoiit, jeudi 10"
"51",51,"ARTICLE 1*: A compter du lundi 30 mars 2026 et jusqu’au vendredi 10 avril 2026,"
"53",53,"ARTICLE 1"": A compter du lundi 23 mars 2026 et jusqu’au vendredi 17 avril 2026,"
"55",55,"ARTICLE 1° : A compter du mercredi Ler avril 2026 et jusqu’au vendredi 15 mai 2026,"
"57",57,"ARTICLE 1°: A compter du lundi 30 mars 2026 et jusqu’au vendredi 24 avril 2026,"
"59",59,"ARTICLE 1"": A compter du lundi 13 avril 2026 et jusqu’au jeudi 30 avril 2026, pendant"
"61",61,"ARTICLE 1*: A compter du lundi 30 mars 2026 et jusqu’au vendredi 24 avril 2026,"
