ID,Couche,Utilisateur,Observation,adresse,detail
79662,Bâtis à protéger (éléments et ensembles),BONDY,"6 allée du Moulin
Maison en Meulière",6 allée du Moulin,Maison en Meulière
73217,Bâtis à protéger (éléments et ensembles),BONDY,"7 rue Gabriel Séailles 
Maison en enduit clair, briques  en déco autours des ouvertures, sous la toiture et en chainage d'angle; garde corps en fer forgé, marquise",7 rue Gabriel Séailles ,"Maison en enduit clair, briques  en déco autours des ouvertures, sous la toiture et en chainage d'angle; garde corps en fer forgé, marquise"
73216,Bâtis à protéger (éléments et ensembles),BONDY,"15 rue Gabriel Séailles
 Maison en enduit clair, briques  en déco autours des ouvertures, sous la toiture et en chainage d'angle; œil de bœuf, garde corps en fer forgé, marquise",15 rue Gabriel Séailles," Maison en enduit clair, briques  en déco autours des ouvertures, sous la toiture et en chainage d'angle; œil de bœuf, garde corps en fer forgé, marquise"
73215,Bâtis à protéger (éléments et ensembles),BONDY,"16 rue Gabriel Séailles
Maison en enduit clair, briques rouges en déco autours des ouvertures, sous la toiture et en chainage d'angle; garde corps en fer forgé, marquise",16 rue Gabriel Séailles,"Maison en enduit clair, briques rouges en déco autours des ouvertures, sous la toiture et en chainage d'angle; garde corps en fer forgé, marquise"
73214,Bâtis à protéger (éléments et ensembles),BONDY,"14 rue Gabriel Séailles
Maison en enduit clair, briques rouges et blanches en déco autours des ouvertures, sous la toiture et en chainage d'angle; garde corps en fer forgé, marquise",14 rue Gabriel Séailles,"Maison en enduit clair, briques rouges et blanches en déco autours des ouvertures, sous la toiture et en chainage d'angle; garde corps en fer forgé, marquise"
73213,Bâtis à protéger (éléments et ensembles),BONDY,"216 avenue de Rosny
Maison en meulière , déco enduit blanc en façade",216 avenue de Rosny,"Maison en meulière , déco enduit blanc en façade"
73212,Bâtis à protéger (éléments et ensembles),BONDY,"209 avenue de Rosny
Maison en meulière, déco en façade, garde corps en fer forgé",209 avenue de Rosny,"Maison en meulière, déco en façade, garde corps en fer forgé"
73211,Bâtis à protéger (éléments et ensembles),BONDY,"2
avenue de Rosny
",2 avenue de Rosny,"Immeuble en meulière , déco enduit blanc en bandeau et autours des ouvertures garde corps en fer forgé"
73208,Bâtis à protéger (éléments et ensembles),BONDY,"1 à 31 rue François Villon
 Ensemble bâti à protéger Maisons individuelles construites par le bailleur social I3F.  architecture et typologie d'ensemble , même permis de construire",1 à 31 rue François Villon," Ensemble bâti à protéger Maisons individuelles construites par le bailleur social I3F.  architecture et typologie d'ensemble , même permis de construire"
73207,Bâtis à protéger (éléments et ensembles),BONDY,"11 avenue de la Parisienne
Maison en Meulière , déco en briquettes rouges et blanches, œil de bœuf...",11 avenue de la Parisienne,"Maison en Meulière , déco en briquettes rouges et blanches, œil de bœuf..."
73205,Bâtis à protéger (éléments et ensembles),BONDY,"6 rue Henri Douillot
Maison en briques beiges au RDC, briquettes rouges aux étages",6 rue Henri Douillot,"Maison en briques beiges au RDC, briquettes rouges aux étages"
73202,Bâtis à protéger (éléments et ensembles),BONDY,"
rue Béranger
Maison en Meulière (façade avant) , clôture en meulière, dernier étage en enduit clair, éléments de décors sur la toiture",rue Béranger,"Maison en Meulière (façade avant) , clôture en meulière, dernier étage en enduit clair, éléments de décors sur la toiture"
73201,Bâtis à protéger (éléments et ensembles),BONDY,"39 allée Thérèse
Maison en meulière au RDC, enduit aux étages, briquettes rouges en déco",39 allée Thérèse,"Maison en meulière au RDC, enduit aux étages, briquettes rouges en déco"
73200,Bâtis à protéger (éléments et ensembles),BONDY,"4 allée du Moulin
Maison en Meulière, forme intéressante de la toiture",4 allée du Moulin,"Maison en Meulière, forme intéressante de la toiture"
73199,Bâtis à protéger (éléments et ensembles),BONDY,"15 allée du Moulin
Maison en enduit clair, déco au dessus des fenêtres, chainage d'angle, marquise, clôture en meulière, garde corps",15 allée du Moulin,"Maison en enduit clair, déco au dessus des fenêtres, chainage d'angle, marquise, clôture en meulière, garde corps"
73198,Bâtis à protéger (éléments et ensembles),BONDY,"11 rue du Moulin
Maison en Meulière chainage d'angle, clôture en Meulière",11 rue du Moulin,"Maison en Meulière chainage d'angle, clôture en Meulière"
73197,Bâtis à protéger (éléments et ensembles),BONDY,"9 allée du Moulin
Maison en Meulière déco en façade et en chainage d'angle, garde corps en fer forgé, clôture en meulière, grille en fer forgé",9 allée du Moulin,"Maison en Meulière déco en façade et en chainage d'angle, garde corps en fer forgé, clôture en meulière, grille en fer forgé"
73196,Bâtis à protéger (éléments et ensembles),BONDY,"7 allée du Moulin
Maison en Meulière, décors en façade , marquise, garde corps, clôture en meulière",7 allée du Moulin,"Maison en Meulière, décors en façade , marquise, garde corps, clôture en meulière"
73195,Bâtis à protéger (éléments et ensembles),BONDY,"4 et 4 bis
Villa Carnot Maisons  jumelées en briquettes rouges et blanches, décors en façade, meulière en soubassement pour le n°4bis",4 Villa Carnot,"Villa Carnot Maisons  jumelées en briquettes rouges et blanches, décors en façade, meulière en soubassement pour le n°4bis"
73194,Bâtis à protéger (éléments et ensembles),BONDY,"4 et 4bis villa Carnot
Maisons  jumelées en briquettes rouges et blanches, décors en façade, meulière en soubassement pour le n°4bis",4bis villa Carnot,"Maisons  jumelées en briquettes rouges et blanches, décors en façade, meulière en soubassement pour le n°4bis"
73193,Bâtis à protéger (éléments et ensembles),BONDY,"5 allée du Moulin
Maisons jumelées en Meulière, décors en façade, garde corps en fer forgé pour le n°5",5 allée du Moulin,"Maisons jumelées en Meulière, décors en façade, garde corps en fer forgé pour le n°5"
73192,Bâtis à protéger (éléments et ensembles),BONDY,"3 allée du Moulin
Maisons jumelées en Meulière, décors en façade, garde corps en fer forgé pour le n°5",3 allée du Moulin,"Maisons jumelées en Meulière, décors en façade, garde corps en fer forgé pour le n°5"
73191,Bâtis à protéger (éléments et ensembles),BONDY,"5 rue du champart
Immeuble en briques, décors autours des fenêtres",5 rue du champart,"Immeuble en briques, décors autours des fenêtres"
73190,Bâtis à protéger (éléments et ensembles),BONDY,"8 rue du Champart
Maison enduit, meulière en soubassement , briques au RDC",8 rue du Champart,"Maison enduit, meulière en soubassement , briques au RDC"
73189,Bâtis à protéger (éléments et ensembles),BONDY,"8 Impasse Carnot
Maison en enduit claire , chainage d'angle en briques blanches  et autours des ouvertures, marquise",8 Impasse Carnot,"Maison en enduit claire , chainage d'angle en briques blanches  et autours des ouvertures, marquise"
73187,Bâtis à protéger (éléments et ensembles),BONDY,"4 Impasse Carnot
Maison en enduit jaune , chainage d'angle en briques blanches, garde corps en fer forgé , marquise",4 Impasse Carnot,"Maison en enduit jaune , chainage d'angle en briques blanches, garde corps en fer forgé , marquise"
73183,Bâtis à protéger (éléments et ensembles),BONDY,"2 villa Carnot
Immeuble en briquettes rouges, enduit au dernier étage, décors en façade",2 villa Carnot,"Immeuble en briquettes rouges, enduit au dernier étage, décors en façade"
73181,Bâtis à protéger (éléments et ensembles),BONDY,"6 Villa Carnot 
Maison en briquettes rouges et blanches, décors en façade, meulière en soubassement",6 Villa Carnot ,"Maison en briquettes rouges et blanches, décors en façade, meulière en soubassement"
73180,Bâtis à protéger (éléments et ensembles),BONDY,"18 villa Carnot 
Maison en Meulière",18 villa Carnot ,Maison en Meulière
73178,Bâtis à protéger (éléments et ensembles),BONDY,"9 Villa Carnot 
Maison  enduit, briquettes rouges en bandeau , chainage, autours des ouvertures et en dessous de la toiture , garde corps en fer forgé, clôture en meulière",9 Villa Carnot ,"Maison  enduit, briquettes rouges en bandeau , chainage, autours des ouvertures et en dessous de la toiture , garde corps en fer forgé, clôture en meulière"
73177,"Linéaires (sentes, murs et rues)",BONDY,"7 villa Carnot 
Maison  enduit, briquettes rouges en bandeau , chainage, autours des ouvertures et en dessous de la toiture , garde corps en fer forgé, clôture en meulière",7 villa Carnot ,"Maison  enduit, briquettes rouges en bandeau , chainage, autours des ouvertures et en dessous de la toiture , garde corps en fer forgé, clôture en meulière"
73176,"Linéaires (sentes, murs et rues)",BONDY,"3bis Villa Carnot 
Maison  en Meulière, déco briquettes rouges en bandeau, garde corps en fer forgé",3bis Villa Carnot ,"Maison  en Meulière, déco briquettes rouges en bandeau, garde corps en fer forgé"
73175,Bâtis à protéger (éléments et ensembles),BONDY,"3 Villa Carnot 
Maison et clôture en meulière, toiture",3 Villa Carnot ,"Maison et clôture en meulière, toiture"
73174,Bâtis à protéger (éléments et ensembles),BONDY,"1bis villa Carnot  
Maison en Meulière , déco en briquettes rouges",1bis villa Carnot  ,"Maison en Meulière , déco en briquettes rouges"
73156,Bâtis à protéger (éléments et ensembles),BONDY,"8-14 rue Roger Salengro 
À supprimer de l'inventaire 
 état dégradé travaux à réaliser. Demande des copro",8-14 rue Roger Salengro ,À supprimer de l'inventaire 
73155,Bâtis à protéger (éléments et ensembles),BONDY,"4-6 rue Roger Salengro 
À supprimer de l'inventaire car gros travaux de réhabilitation sans autorisation d'urbanisme. Il n'y a plus aucun intérêt à le maintenir protégé.",4-6 rue Roger Salengro ,À supprimer de l'inventaire car gros travaux de réhabilitation sans autorisation d'urbanisme. Il n'y a plus aucun intérêt à le maintenir protégé.
73154,Bâtis à protéger (éléments et ensembles),BONDY,"2 rue Raoul
Immeuble enduit clair détails en façades (bandeaux) et autour des ouvertures , œil de bœuf , soubassement en briquettes rouges",2 rue Raoul,"Immeuble enduit clair détails en façades (bandeaux) et autour des ouvertures , œil de bœuf , soubassement en briquettes rouges"
73153,Bâtis à protéger (éléments et ensembles),BONDY,"151 avenue Henri Barbusse
 Maison en Meulière , déco briquettes blanches autours des ouvertures, marquise, garde corps en fer forgé",151 avenue Henri Barbusse," Maison en Meulière , déco briquettes blanches autours des ouvertures, marquise, garde corps en fer forgé"
73152,Bâtis à protéger (éléments et ensembles),BONDY,"157 avenue Henri Barbusse/1 allée Marcel Sembat 
Maison en Meulière détails rouges et blancs en déco",157 avenue Henri Barbusse/1 allée Marcel Sembat ,Maison en Meulière détails rouges et blancs en déco
73151,Bâtis à protéger (éléments et ensembles),BONDY,"214 rue Edouard Vaillant
  Maison et clôture en Meulière , détails blancs en déco, R+1 en enduit",214 rue Edouard Vaillant,"  Maison et clôture en Meulière , détails blancs en déco, R+1 en enduit"
73150,Bâtis à protéger (éléments et ensembles),BONDY,"203 rue Edouard Vaillant 
 Maison en briquettes rouges de même que la clôture, œil de bœuf",203 rue Edouard Vaillant ," Maison en briquettes rouges de même que la clôture, œil de bœuf"
73148,Bâtis à protéger (éléments et ensembles),BONDY,"180 rue Edouard Vaillant
 Maison en meulière au RDC et soubassement, R+1 en enduit clair, forme intéressante de la toiture",180 rue Edouard Vaillant," Maison en meulière au RDC et soubassement, R+1 en enduit clair, forme intéressante de la toiture"
73147,Bâtis à protéger (éléments et ensembles),BONDY,"135 rue Edouard Vaillant  
Maison en Meulière marquise, clôture en meulière",135 rue Edouard Vaillant  ,"Maison en Meulière marquise, clôture en meulière"
73146,Bâtis à protéger (éléments et ensembles),BONDY,"131 rue Edouard Vaillant 
 Maison en  Meulière garde corps en fer forgé, portail en fer forgé, clôture en meulière",131 rue Edouard Vaillant ," Maison en  Meulière garde corps en fer forgé, portail en fer forgé, clôture en meulière"
73145,Bâtis à protéger (éléments et ensembles),BONDY,"1
rue Edouard Vaillant
 Maison en Meulière , déco en briquettes rouges en angle et autour des ouvertures",1 rue Edouard Vaillant,"Maison en Meulière , déco en briquettes rouges en angle et autour des ouvertures"
73144,Bâtis à protéger (éléments et ensembles),BONDY,"1
rue Edouard Vaillant
 Maison en Meulière, œil de boeuf",1 rue Edouard Vaillant," Maison en Meulière, œil de boeuf"
73143,Bâtis à protéger (éléments et ensembles),BONDY,"92 rue Edouard Vaillant 
 Maison en enduit clair, deco en briquettes rouges, soubassement en meulière, garde corps en fer forgé, marquise",rue Edouard Vaillant," Maison en enduit clair, deco en briquettes rouges, soubassement en meulière, garde corps en fer forgé, marquise"
73142,Bâtis à protéger (éléments et ensembles),BONDY,"95 rue Edouard Vaillant 
Maison enduit clair, soubassement traité de la même façon que les angles et les contours des ouvertures",95 rue Edouard Vaillant ,"Maison enduit clair, soubassement traité de la même façon que les angles et les contours des ouvertures"
73139,Bâtis à protéger (éléments et ensembles),BONDY,"91 rue Edouard Vaillant 
Maison avec détails blanc en façade, deco en briquettes rouges, marquise, garde corps en fer forgé, clôture en Meulière",91 rue Edouard Vaillant ,"Maison avec détails blanc en façade, deco en briquettes rouges, marquise, garde corps en fer forgé, clôture en Meulière"
73137,Bâtis à protéger (éléments et ensembles),BONDY,"61 rue Edouard Vaillant
 Maison en Meulière, garde corps en fer forgé",61 rue Edouard Vaillant," Maison en Meulière, garde corps en fer forgé"
73135,Bâtis à protéger (éléments et ensembles),BONDY,"50 rue Edouard Vaillant 
Immeuble en briquettes rouges, enduit blanc , déco intéressante en façades",50 rue Edouard Vaillant ,"Immeuble en briquettes rouges, enduit blanc , déco intéressante en façades"
73133,Bâtis à protéger (éléments et ensembles),BONDY,"
rue Edouard Vaillant
 Immeuble en briquette rouges, détails verts au dernier étage, déco intéressante sur le reste des façades",rue Edouard Vaillant," Immeuble en briquette rouges, détails verts au dernier étage, déco intéressante sur le reste des façades"
73128,Bâtis à protéger (éléments et ensembles),BONDY,"3 rue Edouard Vaillant 
 Maison en Meulière, déco de briquettes rouges , garde corps en fer forgé",3 rue Edouard Vaillant ," Maison en Meulière, déco de briquettes rouges , garde corps en fer forgé"
73127,Bâtis à protéger (éléments et ensembles),BONDY,"8 rue du vieux château 
Maison en Meulière",8 rue du vieux château ,Maison en Meulière
73126,"Linéaires (sentes, murs et rues)",BONDY,"7 rue du Vieux château
 Maison en Meulière, garde corps en fer forgé",7 rue du Vieux château," Maison en Meulière, garde corps en fer forgé"
73125,"Linéaires (sentes, murs et rues)",BONDY,"4 rue du vieux Château 
Maison en Meulière",4 rue du vieux Château ,Maison en Meulière
73123,Bâtis à protéger (éléments et ensembles),BONDY,"5 rue du vieux château 
Maison en Meulière déco briquettes blanches autours des ouvertures, garde corps en fer forgé, clôture en meulière, garage en briquettes blanches",5 rue du vieux château ,"Maison en Meulière déco briquettes blanches autours des ouvertures, garde corps en fer forgé, clôture en meulière, garage en briquettes blanches"
73121,Bâtis à protéger (éléments et ensembles),BONDY,"14 avenue Denise 
Maison en Meulière",14 avenue Denise ,Maison en Meulière
73119,Bâtis à protéger (éléments et ensembles),BONDY,"7 avenue Denise 
Maison en enduit blanc, décoration en briquettes rouges au dessus des ouvertures, chainage d'angle, garde cops en fer forgé",7 avenue Denise ,"Maison en enduit blanc, décoration en briquettes rouges au dessus des ouvertures, chainage d'angle, garde cops en fer forgé"
73117,Bâtis à protéger (éléments et ensembles),BONDY,"5 avenue Denise
Maison en Meulière, deco au dessus des ouvertures, marquise, clôture en Meulière, toiture intéressante",5 avenue Denise,"Maison en Meulière, deco au dessus des ouvertures, marquise, clôture en Meulière, toiture intéressante"
73115,Bâtis à protéger (éléments et ensembles),BONDY,"30 avenue Cadéras 
Maison en Meulière , œil de bœuf, briquettes rouges, clôture en meulière garde corps et clôture en fer forgé, Marquise",30 avenue Cadéras ,"Maison en Meulière , œil de bœuf, briquettes rouges, clôture en meulière garde corps et clôture en fer forgé, Marquise"
73114,Bâtis à protéger (éléments et ensembles),BONDY,"
avenue Cadéras 
Maison en Meulière , déco briquettes rouges, clôture en Meulière",avenue Cadéras ,"Maison en Meulière , déco briquettes rouges, clôture en Meulière"
73113,Bâtis à protéger (éléments et ensembles),BONDY,"10bis rue de Plaisance 
Maison en Meulière , déco en briquettes rouges, garde corps en fer forgé, marquise",10bis rue de Plaisance ,"Maison en Meulière , déco en briquettes rouges, garde corps en fer forgé, marquise"
73111,Bâtis à protéger (éléments et ensembles),BONDY,"4 Allée des courts sillons 
Maison en briquette blanches , avec briquettes rouges en déco , RDC et clôture  en meulière",4 Allée des courts sillons ,"Maison en briquette blanches , avec briquettes rouges en déco , RDC et clôture  en meulière"
73079,Bâtis à protéger (éléments et ensembles),BONDY,"23bis avenue Dumesnil 
Maison en meulière",23bis avenue Dumesnil ,Maison en meulière
73078,Bâtis à protéger (éléments et ensembles),BONDY,"
avenue Dumesnil 
Maison en Meulière garde corps en fer forgé",23 avenue Dumesnil ,Maison en Meulière garde corps en fer forgé
73077,Bâtis à protéger (éléments et ensembles),BONDY,"
avenue Dumesnil  
Maison en meulière garde corps en fer forgé",21 avenue Dumesnil  ,Maison en Meulière garde corps en fer forgé
73076,Bâtis à protéger (éléments et ensembles),BONDY,"
avenue Dumesnil  
Maison en Meulière, comble en enduit clair, gardes corps en fer forgé",24 avenue Dumesnil  ,"Maison en Meulière, comble en enduit clair, gardes corps en fer forgé"
73075,Bâtis à protéger (éléments et ensembles),BONDY,"245 avenue Edouard Vaillant
Maison en briques rouges et blanches , garde corps en fer forgé",245 avenue Edouard Vaillant,"Maison en briques rouges et blanches , garde corps en fer forgé"
73074,Bâtis à protéger (éléments et ensembles),BONDY,"243 avenue Edouard vaillant 
Maison en Meulière au RDC, enduit clair au R+1, déco en colombage, clôture",243 avenue Edouard vaillant ,"Maison en Meulière au RDC, enduit clair au R+1, déco en colombage, clôture"
73073,Bâtis à protéger (éléments et ensembles),BONDY,"41 avenue de l'Espérance  
immeuble en enduit clair, bandeau rouge, briquette rouges en déco au dessus des ouvertures et au dernier étage , pignon en meulière",41 avenue de l'Espérance  ,"immeuble en enduit clair, bandeau rouge, briquette rouges en déco au dessus des ouvertures et au dernier étage , pignon en meulière"
73072,Bâtis à protéger (éléments et ensembles),BONDY,"25 avenue de l'Espérance
Maison en briquette claires, puis briquettes rouges en déco et sur les ouvertures, gardes corps en fer forgé",25 avenue de l'Espérance,"Maison en briquette claires, puis briquettes rouges en déco et sur les ouvertures, gardes corps en fer forgé"
73071,Bâtis à protéger (éléments et ensembles),BONDY,"
avenue de l'Espérance 
Maison en Meulière",21 avenue de l'Espérance ,Maison en Meulière
73070,Bâtis à protéger (éléments et ensembles),BONDY,"10 avenue de l'Espérance 
Maison en Meulière",10 avenue de l'Espérance ,Maison en Meulière
73069,Bâtis à protéger (éléments et ensembles),BONDY,"44 rue du Levant 
Maison en Meulière, biquettes rouges et blanches en déco, œil de bœuf",44 rue du Levant ,"Maison en Meulière, biquettes rouges et blanches en déco, œil de bœuf"
73068,Bâtis à protéger (éléments et ensembles),BONDY,"42 avenue de l'Idéal 
Maison en Meulière, briquettes rouges en déco, garde corps en fer forgé",42 avenue de l'Idéal ,"Maison en Meulière, briquettes rouges en déco, garde corps en fer forgé"
73067,Bâtis à protéger (éléments et ensembles),BONDY,"239 rue Edouard Vaillant 
Maison en Meulière,  briquettes rouges en déco",239 rue Edouard Vaillant ,"Maison en Meulière,  briquettes rouges en déco"
73066,Bâtis à protéger (éléments et ensembles),BONDY,"237 rue Edouard Vaillant 
Maison en meulière clôture",237 rue Edouard Vaillant ,Maison en meulière clôture
73065,Bâtis à protéger (éléments et ensembles),BONDY,"42 ru du Progrès  
Maison en Meulière en soubassement, briquettes rouges autour des ouvertures, gardes corps et Marquise en fer forgé",42 ru du Progrès  ,"Maison en Meulière en soubassement, briquettes rouges autour des ouvertures, gardes corps et Marquise en fer forgé"
73064,Bâtis à protéger (éléments et ensembles),BONDY,"40 rue du Progrès 
Maison en Meulière en soubassement, briquette rouges autour des ouvertures , gardes corps en fer forgé",40 rue du Progrès ,"Maison en Meulière en soubassement, briquette rouges autour des ouvertures , gardes corps en fer forgé"
73063,Bâtis à protéger (éléments et ensembles),BONDY,"8 rue du Progrès
Maison en meulière au RDC, déco blanche en angle et autour des ouvertures, gardes corps en fer forgé",8 rue du Progrès,"Maison en meulière au RDC, déco blanche en angle et autour des ouvertures, gardes corps en fer forgé"
73062,Bâtis à protéger (éléments et ensembles),BONDY,"2 Allée Racine 
Maison n Meulière, briques rouges , toitures",2 Allée Racine ,"Maison n Meulière, briques rouges , toitures"
73061,Bâtis à protéger (éléments et ensembles),BONDY,"18 allée Racine  
Maison en enduit claire, briques rouges en angles au dessus des ouvertures et en bandeau toiture à deux pentes , soubassement en meulière",18 allée Racine  ,"Maison en enduit claire, briques rouges en angles au dessus des ouvertures et en bandeau toiture à deux pentes , soubassement en meulière"
73060,Bâtis à protéger (éléments et ensembles),BONDY,"37 allée Racine 
maison meulière briques rouges gardes corps en fer forgé déco de couleur verte  au-dessus des ouvertures",37 allée Racine ,maison meulière briques rouges gardes corps en fer forgé déco de couleur verte  au-dessus des ouvertures
73059,Bâtis à protéger (éléments et ensembles),BONDY,"32bis allée Racine 
Maison en Meulière briques rouges, clôture",32bis allée Racine ,"Maison en Meulière briques rouges, clôture"
73058,Bâtis à protéger (éléments et ensembles),BONDY,"34 allée Corneille 
Maison en Meulière , briques rouges, œil de bœuf clôture",34 allée Corneille ,"Maison en Meulière , briques rouges, œil de bœuf clôture"
73057,Bâtis à protéger (éléments et ensembles),BONDY,"
allée de la Paix 
Maison en enduit clair avec briquettes rouges en angles et autours des ouvertures , œil de bœuf (combles)",,allée de la Paix 
73056,Bâtis à protéger (éléments et ensembles),BONDY,"46 rue de la solidarité
Maison en Meulière",46 rue de la solidarité,Maison en Meulière
73055,Bâtis à protéger (éléments et ensembles),BONDY,"48 rue de la solidarité 
Maison en Meulière",48 rue de la solidarité ,Maison en Meulière
73053,Bâtis à protéger (éléments et ensembles),BONDY,"85 rue Edouard Vaillant 
Maison en Meulière",85 rue Edouard Vaillant ,Maison en Meulière
73052,Bâtis à protéger (éléments et ensembles),BONDY,"83 rue Edouard Vaillant  
Bâtiment en meulière au R+1 et enduit au RDC, déco en briquettes rouges",83 rue Edouard Vaillant  ,"Bâtiment en meulière au R+1 et enduit au RDC, déco en briquettes rouges"
73051,Bâtis à protéger (éléments et ensembles),BONDY,"5 avenue rouget de Lisle 
Maison en Meulière déco en briquette rouges et blanches forme toiture intéressante",5 avenue rouget de Lisle ,Maison en Meulière déco en briquette rouges et blanches forme toiture intéressante
73050,Bâtis à protéger (éléments et ensembles),BONDY,"7 Rouget de Lisle  
Maison en briquettes",7 Rouget de Lisle  ,Maison en briquettes
73049,Bâtis à protéger (éléments et ensembles),BONDY,"13TER Avenue Blériot 
Maison en Meulière, deco en briquettes blanches en angle et autour des ouvertures",13TER Avenue Blériot ,"Maison en Meulière, deco en briquettes blanches en angle et autour des ouvertures"
73048,Bâtis à protéger (éléments et ensembles),BONDY,"45 rue bordier 
Maison en Meulière set en enduit, déco briquettes rouges",45 rue bordier ,"Maison en Meulière set en enduit, déco briquettes rouges"
73047,Bâtis à protéger (éléments et ensembles),BONDY,"41 rue Bordier  
deco briquettes , forme de  toiture intéressante  toiture en débord devant",41 rue Bordier  ,"deco briquettes , forme de  toiture intéressante  toiture en débord devant"
73046,Bâtis à protéger (éléments et ensembles),BONDY,"
rue Bordier  
Maison en Meulière , colombage au dernier étage",29 rue Bordier  ,"Maison en Meulière , colombage au dernier étage"
73045,Bâtis à protéger (éléments et ensembles),BONDY,"18 et 18bis rue bordier 
Maisons jumelles en Meulière et déco en briquettes rouges",18 et 18bis rue bordier ,Maisons jumelles en Meulière et déco en briquettes rouges
73044,Bâtis à protéger (éléments et ensembles),BONDY,"1 bis rue Bordier 
Maison en Meulière, déco enduit blanc et toiture en chapeau au dessus du RDC",1 bis rue Bordier ,"Maison en Meulière, déco enduit blanc et toiture en chapeau au dessus du RDC"
73043,Bâtis à protéger (éléments et ensembles),BONDY,"2 rue Bordier  
maison avec brique en décor, soubassement en meulière, garde corps en fer forgé",2 rue Bordier  ,"maison avec brique en décor, soubassement en meulière, garde corps en fer forgé"
73042,Bâtis à protéger (éléments et ensembles),BONDY,"18 rue Louis Auguste Blanqui 
immeuble en briques",18 rue Louis Auguste Blanqui ,immeuble en briques
73041,Bâtis à protéger (éléments et ensembles),BONDY,"94 rue Louais auguste Blanqui 
Maison avec déco en briques, garde corps et marquise en fer forgé",94 rue Louais auguste Blanqui ,"Maison avec déco en briques, garde corps et marquise en fer forgé"
73040,Bâtis à protéger (éléments et ensembles),BONDY,"148 rue Louis Auguste Blanqui  
Maison en Meulière",148 rue Louis Auguste Blanqui  ,Maison en Meulière
73039,Bâtis à protéger (éléments et ensembles),BONDY,"150 rue Louis auguste Blanqui 
Maison en Meulière garde corps en fer forgé",150 rue Louis auguste Blanqui ,Maison en Meulière garde corps en fer forgé
73038,Bâtis à protéger (éléments et ensembles),BONDY,"147 rue Louis Auguste Blanqui 
Maison en Meulière",147 rue Louis Auguste Blanqui ,Maison en Meulière
73037,Bâtis à protéger (éléments et ensembles),BONDY,"7 bis allée Molière  
Maison en Meulière avec déco en briques blanches",7 bis allée Molière  ,Maison en Meulière avec déco en briques blanches
73036,Bâtis à protéger (éléments et ensembles),BONDY,"179 rue Louis Auguste Blanqui  
petit immeuble avec déco briques rouges",179 rue Louis Auguste Blanqui  ,petit immeuble avec déco briques rouges
73011,Bâtis à protéger (éléments et ensembles),BONDY,"
rue Eugène Masson 
Maison en Meulière",25 rue Eugène Masson ,Maison en Meulière
73010,Bâtis à protéger (éléments et ensembles),BONDY,"2 rue de Tremeuge 
maison en briquette R+1 à colombage blanc /rouge",2 rue de Tremeuge ,maison en briquette R+1 à colombage blanc /rouge
73009,Bâtis à protéger (éléments et ensembles),BONDY,"1-3 rue de Tremeuge 
 Immeuble en Meulière briquettes rouges et blanches en déco",1-3 rue de Tremeuge , Immeuble en Meulière briquettes rouges et blanches en déco
73008,Bâtis à protéger (éléments et ensembles),BONDY,"18 rue de Tremeuge  
Maison en Meulière  R+1 à colombage  Briquette rouge en déco",18 rue de Tremeuge  ,Maison en Meulière  R+1 à colombage  Briquette rouge en déco
73007,Bâtis à protéger (éléments et ensembles),BONDY,"
rue Raoul
 Maison en Meulière",22 rue Raoul, Maison en Meulière
73006,Bâtis à protéger (éléments et ensembles),BONDY,"115 avenue Henri Barbusse 
Maison en  Meulière",115 avenue Henri Barbusse ,Maison en  Meulière
73005,Bâtis à protéger (éléments et ensembles),BONDY,"1bis rue du chalet 
Maison enduite avec déco en briques sur les angles et autours des ouvertures",1bis rue du chalet ,Maison enduite avec déco en briques sur les angles et autours des ouvertures
73004,Bâtis à protéger (éléments et ensembles),BONDY,"30 rue de l'aviation  
Maison en Meulière",30 rue de l'aviation  ,Maison en Meulière
73002,Bâtis à protéger (éléments et ensembles),BONDY,"50 Allée du Rendez-Vous  
Maison en Meulière",50 Allée du Rendez-Vous  ,Maison en Meulière
72999,Bâtis à protéger (éléments et ensembles),BONDY,"42 Allée Andréa  
Maison en Meulière",42 Allée Andréa  ,Maison en Meulière
72998,Bâtis à protéger (éléments et ensembles),BONDY,"13 allée Andréa  
Maison enduite avec décorations en briques rouges, toiture en tuiles rouges , clôture intéressante",13 allée Andréa  ,"Maison enduite avec décorations en briques rouges, toiture en tuiles rouges , clôture intéressante"
72997,Bâtis à protéger (éléments et ensembles),BONDY,"
allée Thérèse 
maison en briques",25 allée Thérèse,maison en briques
72995,Bâtis à protéger (éléments et ensembles),BONDY,"9 allée Alice 
Maison en Meulière",9 allée Alice ,Maison en Meulière
72994,Bâtis à protéger (éléments et ensembles),BONDY,"1bis allée Marcel Sembat 
Maison et clôture en meulière décors en briques",1bis allée Marcel Sembat ,Maison et clôture en meulière décors en briques
70547,Bâtis à protéger (éléments et ensembles),BONDY,"34 avenue des Caderas 
maison et clôture à protéger",34 avenue des Caderas ,maison et clôture à protéger
70545,Bâtis à protéger (éléments et ensembles),BONDY,"5 rue du Bel Air
à protéger maison et clôture",5 rue du Bel Air,à protéger maison et clôture
70542,Bâtis à protéger (éléments et ensembles),BONDY,"2 rue Desire Leon
 à protéger",2 rue Desire Leon, à protéger
70541,Bâtis à protéger (éléments et ensembles),BONDY,"
rue Georges Graff 
à protéger",25 rue Georges Graff ,à protéger
70539,Bâtis à protéger (éléments et ensembles),BONDY,"6 rue Georges Graff 
à protéger",6 rue Georges Graff ,à protéger
70538,Bâtis à protéger (éléments et ensembles),BONDY,"12 rue Georges Graff
 à protéger",12 rue Georges Graff, à protéger
70537,Bâtis à protéger (éléments et ensembles),BONDY,2 avenue des Sciences,2 avenue des Sciences,NA
70536,Bâtis à protéger (éléments et ensembles),BONDY,"11 avenue des Sciences
à enlever de l'inventaire",11 avenue des Sciences,à enlever de l'inventaire
70535,Bâtis à protéger (éléments et ensembles),BONDY,"46 avenue des Sciences 
à protéger",46 avenue des Sciences ,à protéger
69723,Bâtis à protéger (éléments et ensembles),PLU_Patrimoine_Est_Ensemble,Ensemble pavllonnaire à protéger (étude Gallieni canal),Ensemble pavllonnaire à protéger (étude Gallieni canal),NA
69185,Bâtis à protéger (éléments et ensembles),Seine_st_denis,"Hotel de ville , 
construit en 1969 par les architectes Roux-Dufort et Laval. Le hall d'honneur est orné  d'un vitrail de Max Ingrand",Hotel de ville,construit en 1969 par les architectes Roux-Dufort et Laval. Le hall d'honneur est orné  d'un vitrail de Max Ingrand
69066,Bâtis à protéger (éléments et ensembles),Seine_st_denis,"Gymnase Alain Mimoun
 ancien stade SNCF des Marnaudes 1966, à discuter",Gymnase Alain Mimoun," ancien stade SNCF des Marnaudes 1966, à discuter"
69059,Bâtis à protéger (éléments et ensembles),Seine_st_denis,Halle des Salins,Halle des Salins,NA
68634,Bâtis à protéger (éléments et ensembles),BONDY,"43 rue Saint Louis prolongée
à protéger",43 rue Saint Louis prolongée,à protéger
68633,Bâtis à protéger (éléments et ensembles),BONDY,"42 rue Saint Louis protégé
à protéger",42 rue Saint Louis prolongée,à protéger
68632,Bâtis à protéger (éléments et ensembles),BONDY,"
rue Saint Louis protégée à protéger",25 rue Saint Louis prolongée,à protéger
68631,Bâtis à protéger (éléments et ensembles),BONDY,"12 rue Saint Louis protégée
à protéger",12 rue Saint Louis prolongée,à protéger
68629,Bâtis à protéger (éléments et ensembles),BONDY,"11 rue Saint Louis protégée
à protéger",11 rue Saint Louis prolongée,à protéger
68628,Bâtis à protéger (éléments et ensembles),BONDY,"9 rue Etienne Dolet 
à protéger également comme l'Eglise",9 rue Etienne Dolet ,à protéger également comme l'Eglise
68626,Bâtis à protéger (éléments et ensembles),BONDY,"8 Etienne Dolet
à protéger",8 Etienne Dolet,à protéger
68623,Bâtis à protéger (éléments et ensembles),BONDY,"50 rue du Midi
à protéger",50 rue du Midi,à protéger
68621,Bâtis à protéger (éléments et ensembles),BONDY,"49 rue du Midi
à protéger",49 rue du Midi,à protéger
68620,Bâtis à protéger (éléments et ensembles),BONDY,"
rue du Midi
à protéger",26 rue du Midi,à protéger
68618,Bâtis à protéger (éléments et ensembles),BONDY,"11 rue du Midi
à protéger",11 rue du Midi,à protéger
68616,Bâtis à protéger (éléments et ensembles),BONDY,"15 rue des Peupliers
façade différente de celle qui apparait sur l'inventaire. des travaux ont été effectués. Nécessité de maintenir la protection?",15 rue des Peupliers,façade différente de celle qui apparait sur l'inventaire. des travaux ont été effectués. Nécessité de maintenir la protection?
68613,Bâtis à protéger (éléments et ensembles),BONDY,"18 rue des Limites
à protéger",18 rue des Limites,à protéger
68611,Bâtis à protéger (éléments et ensembles),BONDY,"8 rue des Limites
à protéger",8 rue des Limites,à protéger
68609,Bâtis à protéger (éléments et ensembles),BONDY,"8 David Leder
à protéger",8 David Leder,à protéger
68607,Bâtis à protéger (éléments et ensembles),BONDY,"4 David Leder
 à protéger",4 David Leder, à protéger
68599,Bâtis à protéger (éléments et ensembles),BONDY,"85 Anatole France
à protéger",85 Anatole France,à protéger
68594,Bâtis à protéger (éléments et ensembles),BONDY,"83 anatole France
à protéger",83 anatole France,à protéger
68592,Bâtis à protéger (éléments et ensembles),BONDY,"81 Anatole France
à protéger",81 Anatole France,à protéger
68591,Bâtis à protéger (éléments et ensembles),BONDY,"50 route de Villemomble
à protéger",50 route de Villemomble,à protéger
68590,Bâtis à protéger (éléments et ensembles),BONDY,"
route de Villemomble
 à protéger",22 route de Villemomble,à protéger
68589,Bâtis à protéger (éléments et ensembles),BONDY,"17 route de Villemomble
à protéger",17 route de Villemomble,à protéger
68588,Bâtis à protéger (éléments et ensembles),BONDY,"6 route de Villemomble 
apparait sur le zonage mais n'est pas dans l'inventaire",6 route de Villemomble ,apparait sur le zonage mais n'est pas dans l'inventaire
68587,Bâtis à protéger (éléments et ensembles),BONDY,"3 route de Villemomble
à protéger",3 route de Villemomble,à protéger
68585,Bâtis à protéger (éléments et ensembles),BONDY,"7 rue de la philosophie
à protéger",7 rue de la philosophie,à protéger
68584,Bâtis à protéger (éléments et ensembles),BONDY,"3 rue de la Philosophie
à protéger",3 rue de la Philosophie,à protéger
68583,Bâtis à protéger (éléments et ensembles),BONDY,"69 bis chemin de fer prolongée
à protéger",69 bis chemin de fer prolongée,à protéger
68582,Bâtis à protéger (éléments et ensembles),BONDY,"63 chemin de fer prolongée
 à protéger",63 chemin de fer prolongée, à protéger
68581,Bâtis à protéger (éléments et ensembles),BONDY,"61 chemin de fer prolongé 
 à protéger",61 chemin de fer prolongé , à protéger
68580,Bâtis à protéger (éléments et ensembles),BONDY,"53 chemin de fer prolongée
 à protéger",53 chemin de fer prolongée, à protéger
68579,Bâtis à protéger (éléments et ensembles),BONDY,"36 chemin de fer prolongée 
 à protéger",36 chemin de fer prolongée , à protéger
68578,Bâtis à protéger (éléments et ensembles),BONDY,"
Chemin de fer prolongé 
 à protéger",23 chemin de fer prolongée , à protéger
68577,Bâtis à protéger (éléments et ensembles),BONDY,21bis Chemin de fer Prolongé,21bis Chemin de fer Prolongé,NA
68414,Bâtis à protéger (éléments et ensembles),BONDY,"11 avenue de Nancy 
 à protéger",11 avenue de Nancy , à protéger
68413,Bâtis à protéger (éléments et ensembles),BONDY,"5 et 5 bis avenue de Nancy
 à retirer",5 et 5 bis avenue de Nancy, à retirer
68412,Bâtis à protéger (éléments et ensembles),BONDY,"5 et 5 bis avenue de Nancy 
 à retirer",5 et 5 bis avenue de Nancy , à retirer
68411,Bâtis à protéger (éléments et ensembles),BONDY,"15 avenue de Metz 
 protéger",15 avenue de Metz , protéger
68410,Bâtis à protéger (éléments et ensembles),BONDY,"13 avenue de Metz 
 à protéger",13 avenue de Metz , à protéger
68409,Bâtis à protéger (éléments et ensembles),BONDY,"43 avenue de l'Est 
 à protéger",43 avenue de l'Est , à protéger
68408,Bâtis à protéger (éléments et ensembles),BONDY,"
avenue de l'Est 
 à protéger",22 avenue de l'Est , à protéger
68407,Bâtis à protéger (éléments et ensembles),BONDY,"19 avenue de l'Est
 à protéger",19 avenue de l'Est, à protéger
68406,Bâtis à protéger (éléments et ensembles),BONDY,"16 avenue de l'Est 
 à protéger",16 avenue de l'Est , à protéger
68405,Bâtis à protéger (éléments et ensembles),BONDY,"9 avenue de l'Est
 à protéger",9 avenue de l'Est, à protéger
68403,Bâtis à protéger (éléments et ensembles),BONDY,"4 avenue de Belfort 
 à protéger",4 avenue de Belfort , à protéger
68401,Bâtis à protéger (éléments et ensembles),BONDY,"14 bis allée des Lettres 
 à protéger",14 bis allée des Lettres , à protéger
68400,Bâtis à protéger (éléments et ensembles),BONDY,"13 allée des Lettres 
 à protéger",13 allée des Lettres , à protéger
68399,Bâtis à protéger (éléments et ensembles),BONDY,"11 allée des Lettres 
 à protéger",11 allée des Lettres , à protéger
68394,Bâtis à protéger (éléments et ensembles),BONDY,"8 allée des Lettres 
 à protéger",8 allée des Lettres , à protéger
68393,Bâtis à protéger (éléments et ensembles),BONDY,"5  allée des Lettres 
 à protéger",5  allée des Lettres , à protéger
68388,Bâtis à protéger (éléments et ensembles),BONDY,"
allée de l'Orme 
 à protéger",29 allée de l'Orme , à protéger
68386,Bâtis à protéger (éléments et ensembles),BONDY,"
allée de l'Orme 
 à protéger et non le 26bis comme indiqué",26 allée de l'Orme , à protéger et non le 26bis comme indiqué
68385,Bâtis à protéger (éléments et ensembles),BONDY,"14 allée de l'Orme 
 à protéger",14 allée de l'Orme , à protéger
68381,Bâtis à protéger (éléments et ensembles),BONDY,"35 allée de l'étoile 
 à protéger",35 allée de l'étoile , à protéger
68380,Bâtis à protéger (éléments et ensembles),BONDY,"19 allée de l'étoile 
 à protéger",19 allée de l'étoile , à protéger
68379,Bâtis à protéger (éléments et ensembles),BONDY,"15 allée de l'étoile 
 à protéger",15 allée de l'étoile , à protéger
67521,Bâtis à protéger (éléments et ensembles),ESTENSEMBLE,"1. 13 avenue Pasteur, Bondy 
Maison de Bourg 3. Grande maison meulière",13 avenue Pasteur ,Maison de Bourg 3. Grande maison meulière
67520,Bâtis à protéger (éléments et ensembles),ESTENSEMBLE,"1. 13 av des Mésarmes  
Maison pavillonnaire 3. Jolie maison non-repérée",13 av des Mésarmes  ,Maison pavillonnaire 3. Jolie maison non-repérée
67519,Bâtis à protéger (éléments et ensembles),ESTENSEMBLE,"1. 10 Rue Fontaine  
Maison pavillonnaire 3. Belle maison meulière",10 Rue Fontaine  ,Maison pavillonnaire 3. Belle maison meulière
67518,Bâtis à protéger (éléments et ensembles),ESTENSEMBLE,"1. 36 Route d'Aulnay, Bondy 
Architecture industrielle 3. Grande halle industrielle, briques",36 Route d'Aulnay ,"Architecture industrielle 3. Grande halle industrielle, briques"
67517,Bâtis à protéger (éléments et ensembles),ESTENSEMBLE,"Rue Nadia Murad, Bondy Architecture industrielle Halle industrielle vétuste mais d'époque, à interroger ?","Rue Nadia Murad, ","Bondy Architecture industrielle Halle industrielle vétuste mais d'époque, à interroger ?"
67510,Bâtis à protéger (éléments et ensembles),ESTENSEMBLE,"Petit quartier pavillonnaire, niché entre l'avenue Gallieni et le Canal, proche de l'Ecole et très calme. Considérer un classement en ensemble ?","Petit quartier pavillonnaire, niché entre l'avenue Gallieni et le Canal, proche de l'Ecole et très calme. Considérer un classement en ensemble ?",NA
67409,Bâtis à protéger (éléments et ensembles),ESTENSEMBLE,"1. Hopital Jean Verdier  
Architecture hopsitalière  3. Hopital construit en 1972-1974 par Henri Colboc, repéré par le CD93, Est Ensemble et la ville pour une protection patrimoniale à fixer",Hopital Jean Verdier  ,"Architecture hopsitalière  3. Hopital construit en 1972-1974 par Henri Colboc, repéré par le CD93, Est Ensemble et la ville pour une protection patrimoniale à fixer"
67407,Bâtis à protéger (éléments et ensembles),ESTENSEMBLE,"1. Cité du Stade, Bondy 
Grands ensembles 3. Cité construite en 1956, première réalisation en région parisienne de Stoskopf",Cité du Stade ,"Grands ensembles 3. Cité construite en 1956, première réalisation en région parisienne de Stoskopf"
67406,Bâtis à protéger (éléments et ensembles),ESTENSEMBLE,"1. 190 Rue Edouard Vaillant 
Maison pavillonnaire 3. Belle maison en pierre, repérée par le CD93",190 Rue Edouard Vaillant ,"Maison pavillonnaire 3. Belle maison en pierre, repérée par le CD93"
67405,Bâtis à protéger (éléments et ensembles),ESTENSEMBLE,"1. 
Allée Alice 
Maison pavillonnaire 3. Jolie maison en pierre, repérée par le CD93",25 Allée Alice ,"Maison pavillonnaire 3. Jolie maison en pierre, repérée par le CD93"
67404,Bâtis à protéger (éléments et ensembles),ESTENSEMBLE,"1. 9 Rue du Levant 
Maison pavillonnaire 3. Jolie maison meulière",9 Rue du Levant ,Maison pavillonnaire 3. Jolie maison meulière
67403,Bâtis à protéger (éléments et ensembles),ESTENSEMBLE,"1. 
Allée Racine 
Maison pavillonnaire  3. Très jolie maison meulière",28 Allée Racine ,Maison pavillonnaire  3. Très jolie maison meulière
67402,Bâtis à protéger (éléments et ensembles),ESTENSEMBLE,"1. 186 Rue Blanqui 
Maison pavillonnaire 3. Très jolie maison",1. 186 Rue Blanqui ,Maison pavillonnaire 3. Très jolie maison
67401,Bâtis à protéger (éléments et ensembles),ESTENSEMBLE,"40 Rue Vaillant  
Maison pavillonnaire  3. Maison repérée par le service patrimoine du CD93, une des plus anciennes maisons décorées du quartier",40 Rue Vaillant  ,"Maison pavillonnaire  3. Maison repérée par le service patrimoine du CD93, une des plus anciennes maisons décorées du quartier"
67400,Bâtis à protéger (éléments et ensembles),ESTENSEMBLE,"1. 199 avenue Gallieni, Bondy 
Maison pavillonnaire  3. Pavillon fin XXème repéré par le CD93",199 avenue Gallieni ,Maison pavillonnaire  3. Pavillon fin XXème repéré par le CD93
67399,Bâtis à protéger (éléments et ensembles),ESTENSEMBLE,"1. 170 Av Gallieni, Bondy 
Maison pavillonnaire  3. Pavillon fin XIXème-début XXème, repéré par le CD93",170 Av Gallieni,"Maison pavillonnaire  3. Pavillon fin XIXème-début XXème, repéré par le CD93"
