"","cle","appartement","etage","Nom.du.Programme","Année.de.construction"
"1","1-3-5RUEDU BREUIL",48,6,"RES. DU BREUIL","1995"
"2","1 Allée Hannah Arendt",20,4,"RES. HANNAH ARENDT","2018"
"3","1 Allée Hannah Arendt",20,4,"RES. HANNAH ARENDT","1969"
"4","1 Allée Hannah Arendt",20,4,"RES. HANNAH ARENDT","1969"
"5","1 Allée Hannah Arendt",20,4,"RES. HANNAH ARENDT","2018"
"6","103 avenue Carnot",3,3,"RESIDENCE CARNOT","2015"
"7","107AVCARNOT",44,4,"RESIDENCE CARNOT","2015"
"8","107RUEROGER SALENGRO - L'EUROPE BATIMENT N°1",23,5,"NUMERO 123","1991"
"9","107RUEROGER SALENGRO - L'EUROPE BATIMENT N°1",23,5,"NUMERO 122","1991"
"10","107RUEROGER SALENGRO - L'EUROPE BATIMENT N°1",23,5,"NUMERO 102","1991"
"11","107RUEROGER SALENGRO - L'EUROPE BATIMENT N°1",23,5,"NUMERO 133","1991"
"12","107RUEROGER SALENGRO - L'EUROPE BATIMENT N°1",23,5,"NUMERO 143","1991"
"13","107RUEROGER SALENGRO - L'EUROPE BATIMENT N°1",23,5,"NUMERO 101","1991"
"14","107RUEROGER SALENGRO - L'EUROPE BATIMENT N°1",23,5,"NUMERO 152","1991"
"15","107RUEROGER SALENGRO - L'EUROPE BATIMENT N°1",23,5,"NUMERO 114","1991"
"16","107RUEROGER SALENGRO - L'EUROPE BATIMENT N°1",23,5,"NUMERO 121","1991"
"17","107RUEROGER SALENGRO - L'EUROPE BATIMENT N°1",23,5,"NUMERO 113","1991"
"18","107RUEROGER SALENGRO - L'EUROPE BATIMENT N°1",23,5,"NUMERO 132","1991"
"19","107RUEROGER SALENGRO - L'EUROPE BATIMENT N°1",23,5,"NUMERO 151","1991"
"20","107RUEROGER SALENGRO - L'EUROPE BATIMENT N°1",23,5,"NUMERO 144","1991"
"21","107RUEROGER SALENGRO - L'EUROPE BATIMENT N°1",23,5,"NUMERO 141","1991"
"22","107RUEROGER SALENGRO - L'EUROPE BATIMENT N°1",23,5,"NUMERO 124","1991"
"23","107RUEROGER SALENGRO - L'EUROPE BATIMENT N°1",23,5,"NUMERO 154","1991"
"24","107RUEROGER SALENGRO - L'EUROPE BATIMENT N°1",23,5,"NUMERO 134","1991"
"25","107RUEROGER SALENGRO - L'EUROPE BATIMENT N°1",23,5,"NUMERO 153","1991"
"26","107RUEROGER SALENGRO - L'EUROPE BATIMENT N°1",23,5,"NUMERO 103","1991"
"27","107RUEROGER SALENGRO - L'EUROPE BATIMENT N°1",23,5,"NUMERO 142","1991"
"28","107RUEROGER SALENGRO - L'EUROPE BATIMENT N°1",23,5,"NUMERO 131","1991"
"29","107RUEROGER SALENGRO - L'EUROPE BATIMENT N°1",23,5,"NUMERO 111","1991"
"30","107RUEROGER SALENGRO - L'EUROPE BATIMENT N°1",23,5,"NUMERO 112","1991"
"31","109RUEROGER SALENGRO - L'EUROPE BATIMENT N°1",18,5,"NUMERO 242","1991"
"32","109RUEROGER SALENGRO - L'EUROPE BATIMENT N°1",18,5,"NUMERO 223","1991"
"33","109RUEROGER SALENGRO - L'EUROPE BATIMENT N°1",18,5,"NUMERO 211","1991"
"34","109RUEROGER SALENGRO - L'EUROPE BATIMENT N°1",18,5,"NUMERO 253","1991"
"35","109RUEROGER SALENGRO - L'EUROPE BATIMENT N°1",18,5,"NUMERO 241","1991"
"36","109RUEROGER SALENGRO - L'EUROPE BATIMENT N°1",18,5,"NUMERO 251","1991"
"37","109RUEROGER SALENGRO - L'EUROPE BATIMENT N°1",18,5,"NUMERO 212","1991"
"38","109RUEROGER SALENGRO - L'EUROPE BATIMENT N°1",18,5,"NUMERO 221","1991"
"39","109RUEROGER SALENGRO - L'EUROPE BATIMENT N°1",18,5,"NUMERO 201","1991"
"40","109RUEROGER SALENGRO - L'EUROPE BATIMENT N°1",18,5,"NUMERO 243","1991"
"41","109RUEROGER SALENGRO - L'EUROPE BATIMENT N°1",18,5,"NUMERO 252","1991"
"42","109RUEROGER SALENGRO - L'EUROPE BATIMENT N°1",18,5,"NUMERO 231","1991"
"43","109RUEROGER SALENGRO - L'EUROPE BATIMENT N°1",18,5,"NUMERO 233","1991"
"44","109RUEROGER SALENGRO - L'EUROPE BATIMENT N°1",18,5,"NUMERO 222","1991"
"45","109RUEROGER SALENGRO - L'EUROPE BATIMENT N°1",18,5,"NUMERO 202","1991"
"46","109RUEROGER SALENGRO - L'EUROPE BATIMENT N°1",18,5,"NUMERO 213","1991"
"47","109RUEROGER SALENGRO - L'EUROPE BATIMENT N°1",18,5,"NUMERO 232","1991"
"48","109RUEROGER SALENGRO - L'EUROPE BATIMENT N°1",18,5,"NUMERO 203","1991"
"49","10ALLDE FURCI",8,3,"RESIDENCES RUE BLANQUI","1950"
"50","10ALLDES ANEMONES",10,4,"CITE DU STADE","1955"
"51","10ALLDES RENONCULES",10,4,"CITE DU STADE","1955"
"52","10ALLEEPAUL LAFARGUE",3,1,"BONDY - TERRAIN RFF","2011"
"53","10AVDE LATTRE DE TASSIGNY",10,4,"DE LATTRE DE TASSIGNY","1957"
"54","10AVENUEMAX DORMOY",22,10,"BONDY LES MERISIER","1962"
"55","10AVJEAN LEBAS",10,5,"QUARTIER NOUE CAILLET","1961"
"56","10AVJEAN MOULIN",10,4,"","1955"
"57","10AVS. BUISSON",10,5,"QUARTIER NOUE CAILLET","1961"
"58","10PLA. THOMAS",17,5,"RESIDENCE ALBERT THOMAS","1933"
"59","10PLG. LYSSANDRE",11,4,"RES. HENRI BARBUSSE","1954"
"60","10RUEDE LA TERRE SAINT BLAISE",7,3,"BONDY 2rue de Meaux","2018"
"61","10RUEDES FRANCS AUBIERS",12,5,"BONDY 3 NOUE CAILL","1964"
"62","10RUEDU POTAGER",19,9,"RESIDENCE LE POTAGER","1971"
"63","10RUEFRANCOIS VILLON",6,2,"BONDY 14 Juillet ANRU","2012"
"64","10RUEGASTON DEFFERRE",10,4,"BONDY CUB av. Gaston Deferre","1974"
"65","10RUEGUILLAUME APOLLINAIRE",21,10,"RESIDENCES RUE BLANQUI","1950"
"66","10RUEHENRI ROL-TANGUY",8,4,"","1955"
"67","10RUELUCIE AUBRAC",10,4,"","1955"
"68","10RUEMARTIN LUTHER KING",43,10,"RESIDENCES RUE BLANQUI","1950"
"69","10RUEMAURICE BENHAMOU",23,5,"BONDY","1996"
"70","10RUEPAUL ELUARD",21,10,"RESIDENCES RUE BLANQUI","1950"
"71","10RUESIMONE DE BEAUVOIR",10,4,"RESIDENCES RUE BLANQUI","1950"
"72","10VILLADES CERISES",1,0,"1039","1985"
"73","115RUEROGER SALENGRO - L'EUROPE PAVILLONS",4,0,"NUMERO 303","1991"
"74","115RUEROGER SALENGRO - L'EUROPE PAVILLONS",4,0,"NUMERO 301","1991"
"75","115RUEROGER SALENGRO - L'EUROPE PAVILLONS",4,0,"NUMERO 304","1991"
"76","115RUEROGER SALENGRO - L'EUROPE PAVILLONS",4,0,"NUMERO 302","1991"
"77","11ALLDES PRIMEVERES",10,4,"CITE DU STADE","1955"
"78","11ALLEEPAUL LAFARGUE",1,0,"BONDY - TERRAIN RFF","2011"
"79","11AVCARNOT",7,2,"RESIDENCE CARNOT","2002"
"80","11AVENUELEON JOUHAUX",11,5,"BONDY 3 NOUE CAILL","1964"
"81","11AVJEAN LEBAS",54,12,"QUARTIER NOUE CAILLET","1961"
"82","11AVJEAN MOULIN",17,8,"","1955"
"83","11AVLEON BLUM",56,12,"QUARTIER NOUE CAILLET","1961"
"84","11AVMAURICE BENHAMOU",24,5,"BENHAMOU VARAGNAT","1997"
"85","11AVS. BUISSON",11,5,"QUARTIER NOUE CAILLET","1961"
"86","11PLA. THOMAS",10,5,"RESIDENCE ALBERT THOMAS","1933"
"87","11PLN. NEUBURGER",16,4,"RES. HENRI BARBUSSE","1954"
"88","11RUEDES ESCHOLIERS",12,3,"BONDY Terre St Blaise Lot B","2014"
"89","11RUELUCIE AUBRAC",10,4,"","1955"
"90","121AVENUEHENRI BARBUSSE",34,3,"BONDY AV HENRI BARBUSSE","2010"
"91","125ruelouis auguste blanqui",200,4,"résidence les saules","1954"
"92","125ruelouis auguste blanqui",200,4,"RESIDENCE LES SAULES","1954"
"93","128RUEL.A. BLANQUI",19,4,"RESIDENCES RUE BLANQUI","1950"
"94","12ALLDE FURCI",8,3,"RESIDENCES RUE BLANQUI","1950"
"95","12ALLDES ANEMONES",10,4,"CITE DU STADE","1955"
"96","12ALLDES RENONCULES",10,4,"CITE DU STADE","1955"
"97","12ALLEEPAUL LAFARGUE",3,2,"BONDY - TERRAIN RFF","2011"
"98","12AVDE LATTRE DE TASSIGNY",10,4,"DE LATTRE DE TASSIGNY","1957"
"99","12AVENUEMAX DORMOY",22,10,"BONDY LES MERISIER","1962"
"100","12AVHENRI VARAGNAT",22,5,"BENHAMOU VARAGNAT","1997"
"101","12AVJEAN LEBAS",10,5,"QUARTIER NOUE CAILLET","1961"
"102","12AVJULES FERRY",99,5,"RES. JULES FERRY","2018"
"103","12AVS. BUISSON",10,5,"QUARTIER NOUE CAILLET","1961"
"104","12PLA. THOMAS",16,5,"RESIDENCE ALBERT THOMAS","1933"
"105","12PLG. LYSSANDRE",10,4,"RES. HENRI BARBUSSE","1954"
"106","12RUEDES FRANCS AUBIERS",6,2,"BONDY 3 NOUE CAILL","1964"
"107","12RUEDU POTAGER",18,9,"RESIDENCE LE POTAGER","1971"
"108","12RUEDU POTAGER      BAT.A",1,0,"RESIDENCE LE POTAGER","1971"
"109","12RUEFRANCOIS VILLON",6,2,"BONDY 14 Juillet ANRU","2012"
"110","12RUEGASTON DEFFERRE",10,4,"BONDY CUB av. Gaston Deferre","1974"
"111","12RUEGUILLAUME APOLLINAIRE",21,10,"RESIDENCES RUE BLANQUI","1950"
"112","12RUEMAURICE BENHAMOU",24,5,"BONDY","1996"
"113","12RUEPAUL ELUARD",21,10,"RESIDENCES RUE BLANQUI","1950"
"114","12RUEPAUL RENAUD",10,4,"","1955"
"115","12RUESIMONE DE BEAUVOIR",10,4,"RESIDENCES RUE BLANQUI","1950"
"116","12VILLADES CERISES",1,0,"1039","1985"
"117","130RUEL.A. BLANQUI",20,4,"RESIDENCES RUE BLANQUI","1950"
"118","132  RTE DE VILLEMOMBLE",22,10,"BONDY","1962"
"119","132RUEL.A. BLANQUI",20,4,"RESIDENCES RUE BLANQUI","1950"
"120","134  RTE DE VILLEMOMBLE",22,10,"BONDY","1962"
"121","136  RTE DE VILLEMOMBLE",22,10,"BONDY","1962"
"122","138  RTE DE VILLEMOMBLE",22,10,"BONDY","1962"
"123","13ALLDES PRIMEVERES",10,4,"CITE DU STADE","1955"
"124","13ALLEEPAUL LAFARGUE",1,0,"BONDY - TERRAIN RFF","2011"
"125","13AVENUELEON JOUHAUX",12,5,"BONDY 3 NOUE CAILL","1964"
"126","13AVJEAN MOULIN",17,8,"","1955"
"127","13AVLEON BLUM",56,12,"QUARTIER NOUE CAILLET","1961"
"128","13AVMAURICE BENHAMOU",24,5,"BENHAMOU VARAGNAT","1997"
"129","13AVS. BUISSON",12,5,"QUARTIER NOUE CAILLET","1961"
"130","13PLA. THOMAS",15,5,"RESIDENCE ALBERT THOMAS","1933"
"131","13PLN. NEUBURGER",15,4,"RES. HENRI BARBUSSE","1954"
"132","13RUELUCIE AUBRAC",9,4,"","1955"
"133","140  RTE DE VILLEMOMBLE",10,4,"BONDY","1962"
"134","140RUELOUIS BLANQUI",18,3,"BONDY - RUE BLANQUI","2011"
"135","142  RTE DE VILLEMOMBLE",10,4,"BONDY","1962"
"136","144  RTE DE VILLEMOMBLE",10,4,"BONDY","1962"
"137","144AVENUEGALLIENI",47,7,"BONDY 140 Av Gallieni","2018"
"138","146  RTE DE VILLEMOMBLE",22,10,"BONDY","1962"
"139","148  RTE DE VILLEMOMBLE",22,10,"BONDY","1962"
"140","14ALLDE FURCI",8,3,"RESIDENCES RUE BLANQUI","1950"
"141","14ALLDES RENONCULES",10,4,"CITE DU STADE","1955"
"142","14ALLEEPAUL LAFARGUE",1,0,"BONDY - TERRAIN RFF","2011"
"143","14AVDE LATTRE DE TASSIGNY",9,4,"DE LATTRE DE TASSIGNY","1957"
"144","14AVENUEMAX DORMOY",22,10,"BONDY LES MERISIER","1962"
"145","14AVJEAN LEBAS",10,5,"QUARTIER NOUE CAILLET","1961"
"146","14AVS. BUISSON",4,2,"QUARTIER NOUE CAILLET","1961"
"147","14PLA. THOMAS",12,5,"RESIDENCE ALBERT THOMAS","1933"
"148","14PLG. LYSSANDRE",11,4,"RES. HENRI BARBUSSE","1954"
"149","14RUEDES FRANCS AUBIERS",6,2,"BONDY 3 NOUE CAILL","1964"
"150","14RUEDU POTAGER",19,9,"RESIDENCE LE POTAGER","1971"
"151","14RUEGASTON DEFFERRE",10,4,"BONDY CUB av. Gaston Deferre","1974"
"152","14RUEGUILLAUME APOLLINAIRE",21,10,"RESIDENCES RUE BLANQUI","1950"
"153","14RUELUCIE AUBRAC",9,4,"","1955"
"154","14RUEPAUL ELUARD",21,10,"RESIDENCES RUE BLANQUI","1950"
"155","14RUERUE JEAN JAURES",8,3,"BONDY - JEAN JAURES","1897"
"156","14VILLADES CERISES",1,0,"1039","1985"
"157","150  RTE DE VILLEMOMBLE",20,10,"BONDY","1962"
"158","152  RTE DE VILLEMOMBLE",22,10,"BONDY","1962"
"159","153RUEEDOUARD VAILLANT",45,4,"BONDY rue Edouard Vaillant","2013"
"160","154  RTE DE VILLEMOMBLE",22,10,"BONDY","1962"
"161","156  RTE DE VILLEMOMBLE",22,10,"BONDY","1962"
"162","156RUER. SALENGRO",10,5,"RUE ROGER SALENGRO","1992"
"163","158  RTE DE VILLEMOMBLE",22,10,"BONDY","1962"
"164","158 Avenue Gallieni",18,6,"RES. HANNAH ARENDT","2018"
"165","158 Avenue Gallieni",18,6,"RES. HANNAH ARENDT","1969"
"166","15ALLDES PRIMEVERES",6,2,"CITE DU STADE","1955"
"167","15ALLÉEDES ARTS",11,3,"BONDY 13","1985"
"168","15ALLEEPAUL LAFARGUE",1,0,"BONDY - TERRAIN RFF","2011"
"169","15AVENUELEON JOUHAUX",12,5,"BONDY 3 NOUE CAILL","1964"
"170","15AVJEAN MOULIN",17,8,"","1955"
"171","15AVLEON BLUM",54,12,"QUARTIER NOUE CAILLET","1961"
"172","15AVMAURICE BENHAMOU",11,5,"BENHAMOU VARAGNAT","1997"
"173","15AVS. BUISSON",12,5,"QUARTIER NOUE CAILLET","1961"
"174","15PLA. THOMAS",12,5,"RESIDENCE ALBERT THOMAS","1933"
"175","15PLN. NEUBURGER",10,4,"RES. HENRI BARBUSSE","1954"
"176","15RUEJULES GUESDE",21,10,"RESIDENCE JULES GUESDE","1975"
"177","15VILLADES CERISES",1,0,"1039","1985"
"178","160  RTE DE VILLEMOMBLE",21,10,"BONDY","1962"
"179","162  RTE DE VILLEMOMBLE",20,10,"BONDY","1962"
"180","164  RTE DE VILLEMOMBLE",21,10,"BONDY","1962"
"181","164RUER. SALENGRO",38,5,"RUE ROGER SALENGRO","1992"
"182","166  RTE DE VILLEMOMBLE",22,10,"BONDY","1962"
"183","166 Rue Edouard Vaillant",18,4,"Rés. GABRIELLE","1995"
"184","168  RTE DE VILLEMOMBLE",22,10,"BONDY","1962"
"185","168 Rue Edouard Vaillant",17,4,"Rés. GABRIELLE","1995"
"186","16ALLDE FURCI",8,3,"RESIDENCES RUE BLANQUI","1950"
"187","16ALLDES RENONCULES",6,2,"CITE DU STADE","1955"
"188","16ALLEEPAUL LAFARGUE",1,0,"BONDY - TERRAIN RFF","2011"
"189","16AVDE LATTRE DE TASSIGNY",10,4,"DE LATTRE DE TASSIGNY","1957"
"190","16AVENUEMAX DORMOY",22,10,"BONDY LES MERISIER","1962"
"191","16AVJEAN LEBAS",10,5,"QUARTIER NOUE CAILLET","1961"
"192","16AVS. BUISSON",4,2,"QUARTIER NOUE CAILLET","1961"
"193","16PLG. LYSSANDRE",10,4,"RES. HENRI BARBUSSE","1954"
"194","16RUEDES FRANCS AUBIERS",7,2,"BONDY 3 NOUE CAILL","1964"
"195","16RUEDU POTAGER",19,9,"RESIDENCE LE POTAGER","1971"
"196","16RUEDU SGT BOBILLOT",42,10,"RUE DU SERGENT BOBILLOT","1960"
"197","16RUEGASTON DEFFERRE",10,4,"BONDY CUB av. Gaston Deferre","1974"
"198","16RUEGUILLAUME APOLLINAIRE",21,10,"RESIDENCES RUE BLANQUI","1950"
"199","16RUELUCIE AUBRAC",9,4,"","1955"
"200","16RUEPAUL ELUARD",21,10,"RESIDENCES RUE BLANQUI","1950"
"201","16RUERUE JEAN JAURES",6,2,"BONDY - JEAN JAURES","1897"
"202","170 Rue Edouard Vaillant",14,3,"Rés. GABRIELLE","1995"
"203","173 RUE E.VAILLANT",1,1,"RUE EDOUARD VAILLANT","1974"
"204","175 RUE E.VAILLANT",1,1,"RUE EDOUARD VAILLANT","1974"
"205","177RUEE.VAILLANT",1,1,"RUE EDOUARD VAILLANT","1974"
"206","179RUEE.VAILLANT",1,1,"RUE EDOUARD VAILLANT","1974"
"207","17ALLDES PRIMEVERES",6,2,"CITE DU STADE","1955"
"208","17ALLEEPAUL LAFARGUE",1,0,"BONDY - TERRAIN RFF","2011"
"209","17AVENUELEON JOUHAUX",12,5,"BONDY 3 NOUE CAILL","1964"
"210","17AVLEON BLUM",53,12,"QUARTIER NOUE CAILLET","1961"
"211","17AVMAURICE BENHAMOU",22,5,"BENHAMOU VARAGNAT","1997"
"212","17AVS. BUISSON",12,5,"QUARTIER NOUE CAILLET","1961"
"213","17PLA. THOMAS",12,5,"RESIDENCE ALBERT THOMAS","1933"
"214","17PLN. NEUBURGER",10,4,"RES. HENRI BARBUSSE","1954"
"215","17RUEA. POLISSARD",25,5,"RESIDENCE POLLISSARD","1989"
"216","17RUEDU SGT BOBILLOT",10,4,"RUE DU SERGENT BOBILLOT","1960"
"217","17RUEJULES GUESDE",20,10,"RESIDENCE JULES GUESDE","1975"
"218","17RUELUCIEN CHAPELAIN",100,2,"RES. VARAGNAT","2013"
"219","17VILLADES CERISES",1,0,"1039","1985"
"220","18 RUE DU POTAGER      BAT.A",1,5,"RESIDENCE LE POTAGER","1971"
"221","18ALLDES RENONCULES",5,2,"CITE DU STADE","1955"
"222","18AVDE LATTRE DE TASSIGNY",10,4,"DE LATTRE DE TASSIGNY","1957"
"223","18AVENUEMAX DORMOY",22,10,"BONDY LES MERISIER","1962"
"224","18AVS. BUISSON",4,2,"QUARTIER NOUE CAILLET","1961"
"225","18PLG. LYSSANDRE",10,4,"RES. HENRI BARBUSSE","1954"
"226","18RUEDES FRANCS AUBIERS",6,2,"BONDY 3 NOUE CAILL","1964"
"227","18RUEDU POTAGER",18,9,"RESIDENCE LE POTAGER","1971"
"228","18RUEDU SGT BOBILLOT",43,10,"RUE DU SERGENT BOBILLOT","1960"
"229","18RUEGASTON DEFFERRE",16,4,"BONDY 42 avenue Henri Barbusse","2011"
"230","18RUEGUILLAUME APOLLINAIRE",21,10,"RESIDENCES RUE BLANQUI","1950"
"231","18RUELUCIE AUBRAC",10,4,"","1955"
"232","18VILLADES CERISES",1,0,"1039","1985"
"233","19ALLEEPAUL LAFARGUE",1,0,"BONDY - TERRAIN RFF","2011"
"234","19AVENUELEON JOUHAUX",22,3,"BONDY RUE HENRI VARAGNAT","2009"
"235","19AVLEON BLUM",10,5,"QUARTIER NOUE CAILLET","1961"
"236","19AVS. BUISSON",12,5,"QUARTIER NOUE CAILLET","1961"
"237","19PLN. NEUBURGER",10,4,"RES. HENRI BARBUSSE","1954"
"238","19RUEA. POLISSARD",10,3,"RESIDENCE POLLISSARD","1989"
"239","19RUEDU SGT BOBILLOT",10,4,"RUE DU SERGENT BOBILLOT","1960"
"240","19RUEJULES GUESDE",20,10,"RESIDENCE JULES GUESDE","1975"
"241","19VILLADES CERISES",1,0,"1039","1985"
"242","1ALLDE FURCI",7,3,"RESIDENCES RUE BLANQUI","1950"
"243","1ALLDES ORCHIDEES",10,4,"CITE DU STADE","1955"
"244","1ALLDES PAQUERETTES",10,4,"CITE DU STADE","1955"
"245","1ALLDES PENSEES",54,10,"CITE DU STADE","1955"
"246","1ALLDES PRIMEVERES",10,4,"CITE DU STADE","1955"
"247","1AlleeALLEE MANET",1,0,"BONDY Le Hameau de la Forge","1982"
"248","1AlleeALLEE MILLET",1,0,"BONDY Le Hameau de la Forge","1982"
"249","1ALLEEPAUL LAFARGUE",1,0,"BONDY - TERRAIN RFF","2011"
"250","1ALLGEORGES SAND",22,4,"VEFA DE LATTRE","2016"
"251","1AVENUEDU MARECHAL DE LATTRE",32,7,"BONDY 132 avenue Galliéni","2017"
"252","1AVENUELEON JOUHAUX",17,5,"BONDY 3 NOUE CAILL","1964"
"253","1AVJEAN MOULIN",9,4,"","1955"
"254","1AVLEON BLUM",56,12,"QUARTIER NOUE CAILLET","1961"
"255","1AVS. BUISSON",12,5,"QUARTIER NOUE CAILLET","1961"
"256","1IMPDES VIOLETTES",6,2,"CITE DU STADE","1955"
"257","1PLA. THOMAS",15,5,"RESIDENCE ALBERT THOMAS","1933"
"258","1PlacePLACE GAUGUIN",1,0,"BONDY Le Hameau de la Forge","1982"
"259","1PLDES FLEURS",54,10,"CITE DU STADE","1955"
"260","1PLN. NEUBURGER",17,4,"RES. HENRI BARBUSSE","1954"
"261","1RUEARTHUR GROUSSIER",10,4,"BONDY LES MERISIER","1962"
"262","1RUEDE LA TERRE ST BLAISE",5,2,"BONDY 3 NOUE CAILL","1964"
"263","1RUEDES FRERES DARTY",14,5,"Pollissard / F Darty","2012"
"264","1RUEGERMAINE TILLION",7,0,"BONDY - JEAN MOULIN","2020"
"265","1RUEHENRI DUNANT",104,18,"RESID TOUR DUNANT","1965"
"266","1RUEJean jaurès",1,0,"JEAN JAURES","1920"
"267","1RUEJEAN JAURÈS",19,4,"Guesde / Jaurès","1920"
"268","1RUELUCIE AUBRAC",10,4,"","1955"
"269","1RUERABELAIS",6,2,"BONDY 3 NOUE CAILL","1964"
"270","1RUESIMONE DE BEAUVOIR",12,4,"RESIDENCES RUE BLANQUI","1950"
"271","1VILLADES CERISES",1,0,"1039","1985"
"272","20 RUE DES DROITS DE L'HOMME",1,2,"SECTEUR MAINGUY","1930"
"273","20 Rue Roger Salengro",34,6,"Rés. ROGER SALENGRO","1931"
"274","202AVENUEDU GENERAL GALLIENI",57,8,"","2020"
"275","20ALLDES RENONCULES",6,2,"CITE DU STADE","1955"
"276","20AVDE LATTRE DE TASSIGNY",11,4,"DE LATTRE DE TASSIGNY","1957"
"277","20AVENUEAVENUE DE LA REPUBLIQUE",20,4,"BONDY - REPUBLIQUE","1920"
"278","20AVENUEMAX DORMOY",22,10,"BONDY LES MERISIER","1962"
"279","20AVS. BUISSON",4,2,"QUARTIER NOUE CAILLET","1961"
"280","20PLG. LYSSANDRE",10,4,"RES. HENRI BARBUSSE","1954"
"281","20RUEDES DROITS DE L'HOMME",1,0,"SECTEUR MAINGUY","1930"
"282","20RUEDES FRANCS AUBIERS",12,5,"BONDY 3 NOUE CAILL","1964"
"283","20RUEDU POTAGER",19,9,"RESIDENCE LE POTAGER","1971"
"284","20RUEDU SGT BOBILLOT",43,10,"RUE DU SERGENT BOBILLOT","1960"
"285","20RUEGASTON DEFFERRE",16,4,"BONDY 42 avenue Henri Barbusse","2011"
"286","20RUEGUILLAUME APOLLINAIRE",21,10,"RESIDENCES RUE BLANQUI","1950"
"287","20RUELUCIE AUBRAC",9,4,"","1955"
"288","211 AVENUE GALLIENI",2,6,"RES. LA BRUYERE","1961"
"289","211AVENUEGALLIENI",15,10,"RES. LA BRUYERE","1961"
"290","211AVGALLIENI",2,4,"RES. LA BRUYERE","1961"
"291","21ALLEEPAUL LAFARGUE",1,0,"BONDY - TERRAIN RFF","2011"
"292","21AVDE LATTRE DE TASSIGNY",10,4,"CITE DU STADE","1955"
"293","21AVJEAN MOULIN",16,8,"","1955"
"294","21AVLEON BLUM",10,5,"QUARTIER NOUE CAILLET","1961"
"295","21AVS. BUISSON",12,5,"QUARTIER NOUE CAILLET","1961"
"296","21PLN. NEUBURGER",10,4,"RES. HENRI BARBUSSE","1954"
"297","21RUEA. POLISSARD",12,3,"RESIDENCE POLLISSARD","1989"
"298","21RUEDU SGT BOBILLOT",10,4,"RUE DU SERGENT BOBILLOT","1960"
"299","21RUEJULES GUESDE",20,10,"RESIDENCE JULES GUESDE","1975"
"300","21VILLADES CERISES",1,0,"1039","1985"
"301","22 Rue Roger Salengro",22,3,"Rés. ROGER SALENGRO","1931"
"302","22AVDE LATTRE DE TASSIGNY",12,4,"DE LATTRE DE TASSIGNY","1957"
"303","22AVS. BUISSON",4,2,"QUARTIER NOUE CAILLET","1961"
"304","22PLG. LYSSANDRE",20,4,"RES. HENRI BARBUSSE","1954"
"305","22RUEDES FRANCS AUBIERS",12,5,"BONDY 3 NOUE CAILL","1964"
"306","22RUEDU POTAGER",19,9,"RESIDENCE LE POTAGER","1971"
"307","22RUELUCIE AUBRAC",10,4,"","1955"
"308","22VILLADES CERISES",1,0,"1039","1985"
"309","23ALLEEPAUL LAFARGUE",1,0,"BONDY - TERRAIN RFF","2011"
"310","23AVDE LATTRE DE TASSIGNY",10,4,"CITE DU STADE","1955"
"311","23AVJEAN MOULIN",16,8,"","1955"
"312","23AVLEON BLUM",10,5,"QUARTIER NOUE CAILLET","1961"
"313","23AVS. BUISSON",12,5,"QUARTIER NOUE CAILLET","1961"
"314","23PLN. NEUBURGER",10,4,"RES. HENRI BARBUSSE","1954"
"315","23RUEA. POLISSARD",14,4,"RESIDENCE POLLISSARD","1989"
"316","23RUEDU SGT BOBILLOT",10,4,"RUE DU SERGENT BOBILLOT","1960"
"317","23RUEJULES GUESDE",20,10,"RESIDENCE JULES GUESDE","1975"
"318","23VILLADES CERISES",1,0,"1039","1985"
"319","24 - 28 Rue Polissard",34,5,"rue Polissard","1999"
"320","24 -28 Rue Polissard",27,7,"rue Polissard","1999"
"321","24ALLPIERRE CORNEILLE",1,0,"","1994"
"322","24AVDE LATTRE DE TASSIGNY",12,4,"DE LATTRE DE TASSIGNY","1957"
"323","24AVENUELEON BLUM",17,3,"BONDY Lot A Terre St Blaise","2015"
"324","24AVS. BUISSON",4,2,"QUARTIER NOUE CAILLET","1961"
"325","24PLG. LYSSANDRE",10,4,"RES. HENRI BARBUSSE","1954"
"326","24RUEDES FRANCS AUBIERS",11,5,"BONDY 3 NOUE CAILL","1964"
"327","24RUELEON BLUM",1,2,"BONDY Lot A Terre St Blaise","2015"
"328","24RUELUCIE AUBRAC",9,4,"","1955"
"329","25 RUE FONTAINE",13,2,"BONDY-25 RUE FONTAINE","1997"
"330","25 RUE FONTAINE",13,2,"BONDY-25 RUE FONTAINE","1941"
"331","25ALLEEPAUL LAFARGUE",1,0,"BONDY - TERRAIN RFF","2011"
"332","25AVDE LATTRE DE TASSIGNY",10,4,"CITE DU STADE","1955"
"333","25AVJEAN MOULIN",16,8,"","1955"
"334","25AVLEON BLUM",10,5,"QUARTIER NOUE CAILLET","1961"
"335","25AVS. BUISSON",12,5,"QUARTIER NOUE CAILLET","1961"
"336","25PLN. NEUBURGER",10,4,"RES. HENRI BARBUSSE","1954"
"337","25RUEA. POLISSARD",19,5,"RESIDENCE POLLISSARD","1989"
"338","25RUEDU SGT BOBILLOT",10,4,"RUE DU SERGENT BOBILLOT","1960"
"339","26 AVE DE LATTRE DE TAS.BAT.E2",12,4,"DE LATTRE DE TASSIGNY","1957"
"340","26AVS. BUISSON",4,2,"QUARTIER NOUE CAILLET","1961"
"341","26PLG. LYSSANDRE",10,4,"RES. HENRI BARBUSSE","1954"
"342","26RUELUCIE AUBRAC",9,4,"","1955"
"343","27ALLEEPAUL LAFARGUE",1,0,"BONDY - TERRAIN RFF","2011"
"344","27AVDE LATTRE DE TASSIGNY",10,4,"CITE DU STADE","1955"
"345","27AVJEAN MOULIN",16,8,"","1955"
"346","27AVLEON BLUM",10,5,"QUARTIER NOUE CAILLET","1961"
"347","27AVS. BUISSON",12,5,"QUARTIER NOUE CAILLET","1961"
"348","27PLN. NEUBURGER",11,4,"RES. HENRI BARBUSSE","1954"
"349","27RUEA. POLISSARD",20,5,"RESIDENCE POLLISSARD","1989"
"350","27RUEDU SGT BOBILLOT",10,4,"RUE DU SERGENT BOBILLOT","1960"
"351","28 AVE DE LATTRE DE TAS.BAT.E2",12,4,"DE LATTRE DE TASSIGNY","1957"
"352","28 RUE GEORGES ELIE",8,2,"28 RUE GEORGES ELIE","1900"
"353","28AVDE LATTRE DE TASSIGNY",19,4,"FRERE DARTY I - I'","2017"
"354","28AVJEAN MOULIN",10,5,"QUARTIER NOUE CAILLET","1961"
"355","28PLG. LYSSANDRE",20,4,"RES. HENRI BARBUSSE","1954"
"356","28RUELUCIE AUBRAC",9,4,"","1955"
"357","29ALLDE LA PAIX",9,2,"RESID ALLEE DE LA PAIX","2010"
"358","29AVJEAN MOULIN",15,5,"","2012"
"359","29AVLEON BLUM",10,5,"QUARTIER NOUE CAILLET","1961"
"360","29PLN. NEUBURGER",11,4,"RES. HENRI BARBUSSE","1954"
"361","29RUEA. POLISSARD",12,5,"Pollissard / F Darty","2012"
"362","29RUEDU SGT BOBILLOT",9,4,"RUE DU SERGENT BOBILLOT","1960"
"363","2ALLDE FURCI",8,3,"RESIDENCES RUE BLANQUI","1950"
"364","2ALLDES ANEMONES",8,2,"CITE DU STADE","1955"
"365","2ALLDES IRIS",6,2,"CITE DU STADE","1955"
"366","2ALLDES LILAS",10,4,"CITE DU STADE","1955"
"367","2ALLDES PENSEES",10,4,"CITE DU STADE","1955"
"368","2ALLDES PRIMEVERES",10,4,"CITE DU STADE","1955"
"369","2ALLDES RENONCULES",10,4,"CITE DU STADE","1955"
"370","2AlleeALLEE INGRES",1,0,"BONDY Le Hameau de la Forge","1982"
"371","2AlleeALLEE MILLET",1,0,"BONDY Le Hameau de la Forge","1982"
"372","2AlleeALLEE WATTEAUX",1,0,"BONDY Le Hameau de la Forge","1982"
"373","2ALLEEGEORGES SAND",20,4,"FRERE DARTY I - I'","2017"
"374","2ALLEEPAUL LAFARGUE",10,2,"BONDY - TERRAIN RFF","2011"
"375","2AVDE LATTRE DE TASSIGNY",22,4,"DE LATTRE DE TASSIGNY","1957"
"376","2AVDE LATTRE DE TASSIGNY",22,4,"DE LATTRE DE TASSIGNY","2011"
"377","2AVJEAN LEBAS",10,5,"QUARTIER NOUE CAILLET","1961"
"378","2AVLEON BLUM",21,5,"","2012"
"379","2AVS. BUISSON",10,5,"QUARTIER NOUE CAILLET","1961"
"380","2PLA. THOMAS",15,5,"RESIDENCE ALBERT THOMAS","1933"
"381","2PLACEEUDEMON",21,5,"BONDY - TERRE ST BLAISE","2014"
"382","2PlacePLACE GAUGUIN",1,0,"BONDY Le Hameau de la Forge","1982"
"383","2RUEAUGUSTE POLISSARD LAMART",35,6,"RESIDENCE LAMARTINE","2002"
"384","2RUEDES FRANCS AUBIERS",40,5,"BONDY 3 NOUE CAILL","1964"
"385","2RUEDES FRERES DARTY",11,4,"place du 11 novembre","2012"
"386","2RUEDU MOLERET",4,1,"RESIDENCE DU MOLERET","1954"
"387","2RUEDU POTAGER",19,9,"RESIDENCE LE POTAGER","1971"
"388","2RUEETIENNE DOLET",1,0,"PAVILLON DOLET","1930"
"389","2RUEGARGANTUA",8,1,"BONDY - TERRE ST BLAISE","2014"
"390","2RUEGASTON DEFERRE",92,15,"BONDY CUB av. Gaston Deferre","1974"
"391","2RUEGASTON DEFFERRE",23,3,"BONDY Gaston Deferre Constr.","2015"
"392","2RUEGUILLAUME APOLLINAIRE",21,10,"RESIDENCES RUE BLANQUI","1950"
"393","2RUEHENRI DUNANT",10,4,"RESIDENCES RUE BLANQUI","1950"
"394","2RUEHENRI ROL-TANGUY",10,4,"","1955"
"395","2RUELUCIE AUBRAC",10,4,"","1955"
"396","2RUEMARTIN LUTHER KING",43,10,"RESIDENCES RUE BLANQUI","1950"
"397","2RUENADIA MURAD",40,6,"BONDY ROUTE D'AULNAY VEFA","2021"
"398","2RUEPAUL ELUARD",20,10,"RESIDENCES RUE BLANQUI","1950"
"399","2RUERUE ARTHUR RIMBAUD",15,6,"BONDY - A. RIMBAUD - COPRO","1995"
"400","2RueRUE RAPHAEL",1,0,"BONDY Le Hameau de la Forge","1982"
"401","2RUESIMONE DE BEAUVOIR",9,4,"RESIDENCES RUE BLANQUI","1950"
"402","30 AVE DE LATTRE DE TAS.BAT.E2",12,4,"DE LATTRE DE TASSIGNY","1957"
"403","30AVENUELEON BLUM",25,5,"BONDY Lot A Terre St Blaise","2015"
"404","30AVJEAN MOULIN",10,5,"QUARTIER NOUE CAILLET","1961"
"405","30AVVARAGNAT",38,5,"VARAGNAT","2015"
"406","31ALLDE LA PAIX",12,2,"RESID ALLEE DE LA PAIX","2010"
"407","31AVLEON BLUM",11,5,"QUARTIER NOUE CAILLET","1961"
"408","31PLN. NEUBURGER",10,4,"RES. HENRI BARBUSSE","1954"
"409","31RUEDU SGT BOBILLOT",10,4,"RUE DU SERGENT BOBILLOT","1960"
"410","32 AVE DE LATTRE DE TAS.BAT.E3",12,4,"DE LATTRE DE TASSIGNY","1957"
"411","32AVJEAN MOULIN",10,5,"QUARTIER NOUE CAILLET","1961"
"412","32PLG. LYSSANDRE",18,9,"RES. HENRI BARBUSSE","1954"
"413","33ALLDE LA PAIX",9,2,"RESID ALLEE DE LA PAIX","2010"
"414","33AVENUEJEAN MOULIN",6,0,"BONDY - JEAN MOULIN","2020"
"415","33AVLEON BLUM",10,5,"QUARTIER NOUE CAILLET","1961"
"416","33PLN. NEUBURGER",10,4,"RES. HENRI BARBUSSE","1954"
"417","33RUEDU SGT BOBILLOT",10,4,"RUE DU SERGENT BOBILLOT","1960"
"418","33RUEFONTAINE",59,5,"","2018"
"419","33RUEFRANCOIS VILLON",10,4,"BONDY 14 JUILLET 1","1961"
"420","34 AVE DE LATTRE DE TAS.BAT.E3",12,4,"DE LATTRE DE TASSIGNY","1957"
"421","34PLG. LYSSANDRE",18,9,"RES. HENRI BARBUSSE","1954"
"422","34RUEDE VARSOVIE",20,4,"VARSOVIE","2013"
"423","34RUEROGER SALENGRO",20,4,"ROGER SALENGRO","1980"
"424","34RUEROGER SALENGRO",20,4,"ROGER SALENGRO","1958"
"425","34RUEROGER SALENGRO",20,4,"ROGER SALENGRO","2012"
"426","35 COURS DE LA REPUBLIQUE",13,3,"REPUBLIQUE","2012"
"427","35AVLEON BLUM",10,5,"QUARTIER NOUE CAILLET","1961"
"428","35PLN. NEUBURGER",10,4,"RES. HENRI BARBUSSE","1954"
"429","35RUEDU SGT BOBILLOT",10,4,"RUE DU SERGENT BOBILLOT","1960"
"430","35RUEFRANCOIS VILLON",10,4,"BONDY 14 JUILLET 1","1961"
"431","35RUEL.A. BLANQUI",11,4,"RESIDENCES RUE BLANQUI","1950"
"432","36 AVE DE LATTRE DE TAS.BAT.E3",12,4,"DE LATTRE DE TASSIGNY","1957"
"433","36PLG. LYSSANDRE",18,9,"RES. HENRI BARBUSSE","1954"
"434","37 RUE EDOUARD VAILLANT",1,0,"PAVILLON VAILLANT","1928"
"435","37AVLEON BLUM",10,5,"QUARTIER NOUE CAILLET","1961"
"436","37PLN. NEUBURGER",10,4,"RES. HENRI BARBUSSE","1954"
"437","37RUEDU SGT BOBILLOT",10,4,"RUE DU SERGENT BOBILLOT","1960"
"438","37RUEL.A. BLANQUI",11,4,"RESIDENCES RUE BLANQUI","1950"
"439","38AVDE LATTRE DE TASSIGNY",43,10,"DE LATTRE DE TASSIGNY","1957"
"440","38PLG. LYSSANDRE",18,9,"RES. HENRI BARBUSSE","1954"
"441","38RUEFONTAINE",10,4,"BONDY LES MERISIER","1962"
"442","38RUELUCIEN CHAPELAIN",15,4,"BONDY 14 Juillet ANRU","2012"
"443","39AVLEON BLUM",10,5,"QUARTIER NOUE CAILLET","1961"
"444","39PLN. NEUBURGER",10,4,"RES. HENRI BARBUSSE","1954"
"445","39RUEDU SGT BOBILLOT",10,4,"RUE DU SERGENT BOBILLOT","1960"
"446","39RUEL.A. BLANQUI",12,4,"RESIDENCES RUE BLANQUI","1950"
"447","3ALLDE FURCI",8,3,"RESIDENCES RUE BLANQUI","1950"
"448","3ALLDES ORCHIDEES",10,4,"CITE DU STADE","1955"
"449","3ALLDES PAQUERETTES",10,4,"CITE DU STADE","1955"
"450","3ALLDES PRIMEVERES",10,4,"CITE DU STADE","1955"
"451","3AlleeALLEE GOYA",1,0,"BONDY Le Hameau de la Forge","1982"
"452","3AlleeALLEE MANET",1,0,"BONDY Le Hameau de la Forge","1982"
"453","3AlleeALLEE MIGNARD",1,0,"BONDY Le Hameau de la Forge","1982"
"454","3ALLEEPAUL LAFARGUE",1,0,"BONDY - TERRAIN RFF","2011"
"455","3AVENUELEON JOUHAUX",17,5,"BONDY 3 NOUE CAILL","1964"
"456","3AVJEAN LEBAS",54,12,"QUARTIER NOUE CAILLET","1961"
"457","3AVJEAN MOULIN",10,4,"","1955"
"458","3AVLEON BLUM",56,12,"QUARTIER NOUE CAILLET","1961"
"459","3AVS. BUISSON",12,5,"QUARTIER NOUE CAILLET","1961"
"460","3IMPDES VIOLETTES",6,2,"CITE DU STADE","1955"
"461","3PLA. THOMAS",10,5,"RESIDENCE ALBERT THOMAS","1933"
"462","3PLN. NEUBURGER",8,4,"RES. HENRI BARBUSSE","1954"
"463","3RUEARTHUR GROUSSIER",10,4,"BONDY LES MERISIER","1962"
"464","3RUEDE LA TERRE ST BLAISE",6,2,"BONDY 3 NOUE CAILL","1964"
"465","3RUEGERMAINE TILLION",20,5,"RUE GERMAINE TILLION","2013"
"466","3RUELUCIE AUBRAC",10,4,"","1955"
"467","3RUERABELAIS",4,2,"BONDY 3 NOUE CAILL","1964"
"468","3RUESIMONE DE BEAUVOIR",12,4,"RESIDENCES RUE BLANQUI","1950"
"469","3VILLADES CERISES",1,0,"1039","1985"
"470","4 RUE DE L'EGALITE.APT.BAT.B",8,2,"RESID RUE DE L' EGALITE","1991"
"471","40 AVE DE LATTRE DE TAS.BAT.D1",1,7,"DE LATTRE DE TASSIGNY","1957"
"472","40ALLCHARLES MAGNE",1,0,"","1994"
"473","40AVDE LATTRE DE TASSIGNY",41,10,"DE LATTRE DE TASSIGNY","1957"
"474","40PLG. LYSSANDRE",20,4,"RES. HENRI BARBUSSE","1954"
"475","40RUEFONTAINE",10,4,"BONDY LES MERISIER","1962"
"476","40RUELUCIEN CHAPELAIN",19,4,"BONDY 14 Juillet ANRU","2012"
"477","41AVLEON BLUM",10,5,"QUARTIER NOUE CAILLET","1961"
"478","41PLN. NEUBURGER",16,4,"RES. HENRI BARBUSSE","1954"
"479","41RUEL.A. BLANQUI",12,4,"RESIDENCES RUE BLANQUI","1950"
"480","42AVDE LATTRE DE TASSIGNY",42,10,"DE LATTRE DE TASSIGNY","1957"
"481","42AVENUEH. BARBUSSE",20,4,"BONDY H. BARBUSSE","2001"
"482","42PLG. LYSSANDRE",10,4,"RES. HENRI BARBUSSE","1954"
"483","42RUEFONTAINE",10,4,"BONDY LES MERISIER","1962"
"484","42RUELUCIEN CHAPELAIN",19,4,"BONDY 14 Juillet ANRU","2012"
"485","43AVENUEHENRI VARAGNAT",25,4,"BONDY 2rue de Meaux","2018"
"486","43AVLEON BLUM",15,5,"QUARTIER NOUE CAILLET","1961"
"487","43PLN. NEUBURGER",8,4,"RES. HENRI BARBUSSE","1954"
"488","43RUEL.A. BLANQUI",10,4,"RESIDENCES RUE BLANQUI","1950"
"489","44AVDE LATTRE DE TASSIGNY",43,10,"DE LATTRE DE TASSIGNY","1957"
"490","44AVENUEH. BARBUSSE",20,4,"BONDY H. BARBUSSE","2001"
"491","44PLG. LYSSANDRE",10,4,"RES. HENRI BARBUSSE","1954"
"492","44RUEFONTAINE",10,4,"BONDY LES MERISIER","1962"
"493","44RUELUCIEN CHAPELAIN",19,4,"BONDY 14 Juillet ANRU","2012"
"494","45ALLÉEDU RENDEZ-VOUS",15,0,"BONDY CLOS RENDEZ-VOUS","1980"
"495","45AVENUEDES SCIENCES",1,0,"BONDY Avenue des Sciences","1996"
"496","45PLN. NEUBURGER",8,4,"RES. HENRI BARBUSSE","1954"
"497","45RUELOUIS AUGUSTE BLANQUI",10,3,"Louis Auguste Blanqui","2012"
"498","46 AVE DE LATTRE DE TAS.BAT.D1",13,10,"DE LATTRE DE TASSIGNY","1957"
"499","46AVDE LATTRE DE TASSIGNY",30,10,"DE LATTRE DE TASSIGNY","1957"
"500","46AVENUEH. BARBUSSE",20,4,"BONDY H. BARBUSSE","2001"
"501","46PLG. LYSSANDRE",10,4,"RES. HENRI BARBUSSE","1954"
"502","46RUEFONTAINE",10,4,"BONDY LES MERISIER","1962"
"503","46RUELUCIEN CHAPELAIN",19,4,"BONDY 14 Juillet ANRU","2012"
"504","47PLN. NEUBURGER",8,4,"RES. HENRI BARBUSSE","1954"
"505","47RUELOUIS AUGUSTE BLANQUI",18,3,"Louis Auguste Blanqui","2012"
"506","48 AVE DE LATTRE DE TAS.BAT.D1",24,10,"DE LATTRE DE TASSIGNY","1957"
"507","48 rue Jules Guesde",20,5,"JULES GUESDE","1920"
"508","48AVDE LATTRE DE TASSIGNY",9,5,"DE LATTRE DE TASSIGNY","1957"
"509","48AVENUEH. BARBUSSE",10,4,"BONDY H. BARBUSSE","2001"
"510","48PLG. LYSSANDRE",20,4,"RES. HENRI BARBUSSE","1954"
"511","48RUEFONTAINE",10,4,"BONDY LES MERISIER","1962"
"512","49-53  RUE JULES GUESDE",12,4,"BONDY RUE JULES GUESDE","2011"
"513","49PLN. NEUBURGER",8,4,"RES. HENRI BARBUSSE","1954"
"514","49RUELOUIS AUGUSTE BLANQUI",12,3,"Louis Auguste Blanqui","2012"
"515","4ALLDE FURCI",8,3,"RESIDENCES RUE BLANQUI","1950"
"516","4ALLDES ANEMONES",11,4,"CITE DU STADE","1955"
"517","4ALLDES IRIS",6,2,"CITE DU STADE","1955"
"518","4ALLDES LILAS",10,4,"CITE DU STADE","1955"
"519","4ALLDES PENSEES",10,4,"CITE DU STADE","1955"
"520","4ALLDES PRIMEVERES",10,4,"CITE DU STADE","1955"
"521","4ALLDES RENONCULES",10,4,"CITE DU STADE","1955"
"522","4AlleeALLEE GOYA",1,0,"BONDY Le Hameau de la Forge","1982"
"523","4AlleeALLEE MIGNARD",1,0,"BONDY Le Hameau de la Forge","1982"
"524","4ALLEEGEORGES SAND",23,4,"FRERE DARTY I - I'","2017"
"525","4ALLEEPAUL LAFARGUE",14,3,"BONDY - TERRAIN RFF","2011"
"526","4AVDE LATTRE DE TASSIGNY",49,4,"DE LATTRE DE TASSIGNY","1957"
"527","4AVDE LATTRE DE TASSIGNY",49,4,"DE LATTRE DE TASSIGNY","2011"
"528","4AvenueAVENUE BARRILLIET",1,0,"BONDY Le Hameau de la Forge","1982"
"529","4AVENUELEON JOUHAUX",11,4,"BONDY Lot A Terre St Blaise","2015"
"530","4AVJEAN LEBAS",10,5,"QUARTIER NOUE CAILLET","1961"
"531","4AVJEAN MOULIN",10,4,"","1955"
"532","4AVLEON BLUM",21,5,"","2018"
"533","4AVS. BUISSON",10,5,"QUARTIER NOUE CAILLET","1961"
"534","4PLA. THOMAS",10,5,"RESIDENCE ALBERT THOMAS","1933"
"535","4PLACEEUDEMON",12,2,"BONDY - TERRE ST BLAISE","2014"
"536","4PlacePLACE GAUGUIN",1,0,"BONDY Le Hameau de la Forge","1982"
"537","4PLG. LYSSANDRE",10,4,"RES. HENRI BARBUSSE","1954"
"538","4RUEDE L'EGALITE",4,0,"RESID RUE DE L' EGALITE","1991"
"539","4RUEDES FRANCS AUBIERS",24,2,"BONDY 3 NOUE CAILL","1964"
"540","4RUEDU POTAGER",19,9,"RESIDENCE LE POTAGER","1971"
"541","4RUEFRANCOIS VILLON",10,4,"BONDY 14 JUILLET 1","1961"
"542","4RUEGASTON DEFFERRE",10,4,"BONDY CUB av. Gaston Deferre","1974"
"543","4RUEGUILLAUME APOLLINAIRE",21,10,"RESIDENCES RUE BLANQUI","1950"
"544","4RUEHENRI DUNANT",10,4,"RESIDENCES RUE BLANQUI","1950"
"545","4RUEHENRI ROL-TANGUY",9,4,"","1955"
"546","4RUELUCIE AUBRAC",10,4,"","1955"
"547","4RUEMARTIN LUTHER KING",43,10,"RESIDENCES RUE BLANQUI","1950"
"548","4RUEPAUL ELUARD",21,10,"RESIDENCES RUE BLANQUI","1950"
"549","4RUEROGER SALENGRO",4,2,"BONDY SALENGRO","2014"
"550","4RUERUE ARTHUR RIMBAUD",10,6,"BONDY - A. RIMBAUD - COPRO","1995"
"551","4RueRUE RAPHAEL",1,0,"BONDY Le Hameau de la Forge","1982"
"552","4RUESIMONE DE BEAUVOIR",10,4,"RESIDENCES RUE BLANQUI","1950"
"553","5 Allée Hannah Arendt",19,3,"RES. HANNAH ARENDT","2018"
"554","5 Allée Hannah Arendt",19,3,"RES. HANNAH ARENDT","2018"
"555","50AVENUEH. BARBUSSE",10,4,"BONDY H. BARBUSSE","2001"
"556","50PLG. LYSSANDRE",10,4,"RES. HENRI BARBUSSE","1954"
"557","50RUEFONTAINE",10,4,"BONDY LES MERISIER","1962"
"558","51PLN. NEUBURGER",17,4,"RES. HENRI BARBUSSE","1954"
"559","51RUELOUIS AUGUSTE BLANQUI",30,3,"Louis Auguste Blanqui","2012"
"560","52PLG. LYSSANDRE",10,4,"RES. HENRI BARBUSSE","1954"
"561","52RUEFONTAINE",10,4,"BONDY LES MERISIER","1962"
"562","53RUELOUIS AUGUSTE BLANQUI",15,2,"Louis Auguste Blanqui","2012"
"563","54PLG. LYSSANDRE",10,4,"RES. HENRI BARBUSSE","1954"
"564","56AVDE LATTRE DE TASSIGNY",30,4,"VEFA DE LATTRE","2016"
"565","56PLG. LYSSANDRE",10,4,"RES. HENRI BARBUSSE","1954"
"566","5ALLDE FURCI",8,3,"RESIDENCES RUE BLANQUI","1950"
"567","5ALLDES ORCHIDEES",10,4,"CITE DU STADE","1955"
"568","5ALLDES PAQUERETTES",10,4,"CITE DU STADE","1955"
"569","5ALLDES PRIMEVERES",10,4,"CITE DU STADE","1955"
"570","5AlleeALLEE GOYA",1,0,"BONDY Le Hameau de la Forge","1982"
"571","5AlleeALLEE MANET",1,0,"BONDY Le Hameau de la Forge","1982"
"572","5ALLEEPAUL LAFARGUE",1,0,"BONDY - TERRAIN RFF","2011"
"573","5ALLJOACHIM DU BELLAY",1,0,"","1994"
"574","5AVENUELEON JOUHAUX",17,5,"BONDY 3 NOUE CAILL","1964"
"575","5AVJEAN LEBAS",54,12,"QUARTIER NOUE CAILLET","1961"
"576","5AVJEAN MOULIN",17,8,"","1955"
"577","5AVLEON BLUM",56,12,"QUARTIER NOUE CAILLET","1961"
"578","5AVS. BUISSON",11,5,"QUARTIER NOUE CAILLET","1961"
"579","5PLA. THOMAS",17,5,"RESIDENCE ALBERT THOMAS","1933"
"580","5PLN. NEUBURGER",8,4,"RES. HENRI BARBUSSE","1954"
"581","5RUEARTHUR GROUSSIER",10,4,"BONDY LES MERISIER","1962"
"582","5RUEDE LA TERRE ST BLAISE",12,5,"BONDY 3 NOUE CAILL","1964"
"583","5RUEGERMAINE TILLION",11,5,"RUE GERMAINE TILLION","2013"
"584","5RUELUCIE AUBRAC",10,4,"","1955"
"585","5RUERABELAIS",6,2,"BONDY 3 NOUE CAILL","1964"
"586","5RUESIMONE DE BEAUVOIR",12,4,"RESIDENCES RUE BLANQUI","1950"
"587","5VILLADES CERISES",1,0,"1039","1985"
"588","60 AVE DE LATTRE DE TAS.BAT.G",2,1,"DE LATTRE DE TASSIGNY","1957"
"589","60RUEJULES GUESDE",12,3,"BONDY CENTRE VILLE","1963"
"590","60RUEJULES GUESDE",12,3,"BONDY CENTRE VILLE","1980"
"591","61 Rue Jules Guesde",35,5,"Rés. LE POLISSARD","1931"
"592","62 AVE DE LATTRE DE TAS.BAT.G",2,1,"DE LATTRE DE TASSIGNY","1957"
"593","63RUEDE VERSAILLES",6,3,"RUE DE VERSAILLES","1994"
"594","64 AVE DE LATTRE DE TAS.BAT.G1",2,1,"DE LATTRE DE TASSIGNY","1957"
"595","64RUEJULES GUESDE",13,5,"BONDY J. GUESDE","1980"
"596","65RUEDE VERSAILLES",6,3,"RUE DE VERSAILLES","1994"
"597","66 AVE DE LATTRE DE TAS.BAT.G1",2,1,"DE LATTRE DE TASSIGNY","1957"
"598","67 Rue Jules Guesde",36,6,"Rés. LE POLISSARD","1931"
"599","67RUEDE VERSAILLES",6,3,"RUE DE VERSAILLES","1994"
"600","68 AVE DE LATTRE DE TAS.BAT.G1",2,1,"DE LATTRE DE TASSIGNY","1957"
"601","69RUEDE VERSAILLES",7,3,"RUE DE VERSAILLES","1994"
"602","6ALLCHARLES MAGNE",1,0,"","1994"
"603","6ALLDE FURCI",8,3,"RESIDENCES RUE BLANQUI","1950"
"604","6ALLDES ANEMONES",10,4,"CITE DU STADE","1955"
"605","6ALLDES LILAS",10,4,"CITE DU STADE","1955"
"606","6ALLDES PENSEES",10,4,"CITE DU STADE","1955"
"607","6ALLDES PRIMEVERES",10,4,"CITE DU STADE","1955"
"608","6ALLDES RENONCULES",10,4,"CITE DU STADE","1955"
"609","6AlleeALLEE GOYA",1,0,"BONDY Le Hameau de la Forge","1982"
"610","6AlleeALLEE MIGNARD",1,0,"BONDY Le Hameau de la Forge","1982"
"611","6AlleeALLEE WATTEAU",1,0,"BONDY Le Hameau de la Forge","1982"
"612","6ALLEEPAUL LAFARGUE",9,2,"BONDY - TERRAIN RFF","2011"
"613","6ALLJOACHIM DU BELLAY",1,0,"","1994"
"614","6AVDE LATTRE DE TASSIGNY",10,4,"DE LATTRE DE TASSIGNY","1957"
"615","6AVENUELEON JOUHAUX",17,5,"BONDY Terre St Blaise Lot B","2014"
"616","6AVJEAN LEBAS",10,5,"QUARTIER NOUE CAILLET","1961"
"617","6AVJEAN MOULIN",10,4,"","1955"
"618","6AVLEON BLUM",11,5,"","2018"
"619","6AVS. BUISSON",10,5,"QUARTIER NOUE CAILLET","1961"
"620","6PLA. THOMAS",16,5,"RESIDENCE ALBERT THOMAS","1933"
"621","6PLG. LYSSANDRE",10,4,"RES. HENRI BARBUSSE","1954"
"622","6RUEDES FRANCS AUBIERS",24,2,"BONDY 3 NOUE CAILL","1964"
"623","6RUEDU POTAGER",19,9,"RESIDENCE LE POTAGER","1971"
"624","6RUEFRANCOIS VILLON",10,4,"BONDY 14 JUILLET 1","1961"
"625","6RUEGASTON DEFFERRE",10,4,"BONDY CUB av. Gaston Deferre","1974"
"626","6RUEGUILLAUME APOLLINAIRE",21,10,"RESIDENCES RUE BLANQUI","1950"
"627","6RUEHENRI DUNANT",10,4,"RESIDENCES RUE BLANQUI","1950"
"628","6RUEHENRI ROL-TANGUY",10,4,"","1955"
"629","6RUELUCIE AUBRAC",9,4,"","1955"
"630","6RUEMARTIN LUTHER KING",42,10,"RESIDENCES RUE BLANQUI","1950"
"631","6RUEPAUL ELUARD",21,10,"RESIDENCES RUE BLANQUI","1950"
"632","6RUESIMONE DE BEAUVOIR",10,4,"RESIDENCES RUE BLANQUI","1950"
"633","6VILLADES CERISES",1,0,"1039","1985"
"634","70 AVE DE LATTRE DE TAS.BAT.G1",2,1,"DE LATTRE DE TASSIGNY","1957"
"635","70AVDE LATTRE DE TASSIGNY",14,4,"place du 11 novembre","2012"
"636","71 Rue Jules Guesde",34,6,"Rés. LE POLISSARD","1931"
"637","71RUEDE VERSAILLES",8,3,"RUE DE VERSAILLES","1994"
"638","71RUEL.A. BLANQUI",12,4,"RESIDENCES RUE BLANQUI","1950"
"639","72AVDE LATTRE DE TASSIGNY",19,5,"place du 11 novembre","2012"
"640","73RUEL.A. BLANQUI",12,4,"RESIDENCES RUE BLANQUI","1950"
"641","78RueRUE EDOUARD VAILLANT",1,0,"BONDY Le Hameau de la Forge","1982"
"642","7ALLDE FURCI",8,3,"RESIDENCES RUE BLANQUI","1950"
"643","7ALLDES ORCHIDEES",10,4,"CITE DU STADE","1955"
"644","7ALLDES PAQUERETTES",10,4,"CITE DU STADE","1955"
"645","7ALLDES PRIMEVERES",10,4,"CITE DU STADE","1955"
"646","7AlleeALLEE MANET",1,0,"BONDY Le Hameau de la Forge","1982"
"647","7ALLEEPAUL LAFARGUE",1,0,"BONDY - TERRAIN RFF","2011"
"648","7AVENUELEON JOUHAUX",17,5,"BONDY 3 NOUE CAILL","1964"
"649","7AVJEAN LEBAS",54,12,"QUARTIER NOUE CAILLET","1961"
"650","7AVJEAN MOULIN",17,8,"","1955"
"651","7AVLEON BLUM",56,12,"QUARTIER NOUE CAILLET","1961"
"652","7AVS. BUISSON",12,5,"QUARTIER NOUE CAILLET","1961"
"653","7PLA. THOMAS",12,5,"RESIDENCE ALBERT THOMAS","1933"
"654","7PLN. NEUBURGER",8,4,"RES. HENRI BARBUSSE","1954"
"655","7RUEDE LA TERRE ST BLAISE",12,5,"BONDY 3 NOUE CAILL","1964"
"656","7RUEDES ESCHOLIERS",11,3,"BONDY Terre St Blaise Lot B","2014"
"657","7RUEGERMAINE TILLION",19,5,"RUE GERMAINE TILLION","2013"
"658","7RUELUCIE AUBRAC",9,4,"","1955"
"659","7RUERABELAIS",6,2,"BONDY 3 NOUE CAILL","1964"
"660","7RUESIMONE DE BEAUVOIR",23,3,"RESIDENCE BEAUVOIR","2010"
"661","7VILLADES CERISES",1,0,"1039","1985"
"662","80AVGALLIENI LAMARTINE",27,6,"RESIDENCE LAMARTINE","2002"
"663","80RueRUE EDOUARD VAILLANT",1,0,"BONDY Le Hameau de la Forge","1982"
"664","82RueRUE EDOUARD VAILLANT",1,0,"BONDY Le Hameau de la Forge","1982"
"665","84AVCARNOT",1,0,"PAVILLON CARNOT","1913"
"666","84RueRUE EDOUARD VAILLANT",1,0,"BONDY Le Hameau de la Forge","1982"
"667","86RueRUE EDOUARD VAILLANT",1,0,"BONDY Le Hameau de la Forge","1982"
"668","88 AVENUE CARNOT",23,5,"BONDY - CARNOT","2019"
"669","8ALLDE FURCI",8,3,"RESIDENCES RUE BLANQUI","1950"
"670","8ALLDES ANEMONES",10,4,"CITE DU STADE","1955"
"671","8ALLDES PRIMEVERES",10,4,"CITE DU STADE","1955"
"672","8ALLDES RENONCULES",10,4,"CITE DU STADE","1955"
"673","8AlleeALLEE DELACROIX",1,0,"BONDY Le Hameau de la Forge","1982"
"674","8ALLEEPAUL LAFARGUE",5,2,"BONDY - TERRAIN RFF","2011"
"675","8AVDE LATTRE DE TASSIGNY",10,4,"DE LATTRE DE TASSIGNY","1957"
"676","8AVJEAN LEBAS",10,5,"QUARTIER NOUE CAILLET","1961"
"677","8AVJEAN MOULIN",10,4,"","1955"
"678","8AVLEON BLUM",11,5,"","2018"
"679","8AVS. BUISSON",10,5,"QUARTIER NOUE CAILLET","1961"
"680","8PLA. THOMAS",12,5,"RESIDENCE ALBERT THOMAS","1933"
"681","8PLG. LYSSANDRE",10,4,"RES. HENRI BARBUSSE","1954"
"682","8RUEDES FRANCS AUBIERS",22,5,"BONDY 3 NOUE CAILL","1964"
"683","8RUEDU POTAGER",19,9,"RESIDENCE LE POTAGER","1971"
"684","8RUEFRANCOIS VILLON",5,2,"BONDY 14 Juillet ANRU","2012"
"685","8RUEGASTON DEFFERRE",10,4,"BONDY CUB av. Gaston Deferre","1974"
"686","8RUEGUILLAUME APOLLINAIRE",21,10,"RESIDENCES RUE BLANQUI","1950"
"687","8RUEHENRI DUNANT",10,4,"RESIDENCES RUE BLANQUI","1950"
"688","8RUEHENRI ROL-TANGUY",9,4,"","1955"
"689","8RUELUCIE AUBRAC",10,4,"","1955"
"690","8RUEMARTIN LUTHER KING",42,10,"RESIDENCES RUE BLANQUI","1950"
"691","8RUEPAUL ELUARD",21,10,"RESIDENCES RUE BLANQUI","1950"
"692","8RUESIMONE DE BEAUVOIR",10,4,"RESIDENCES RUE BLANQUI","1950"
"693","8VILLADES CERISES",1,0,"1039","1985"
"694","93RUEJULES GUESDE",8,4,"place du 11 novembre","2012"
"695","9ALLDES ORCHIDEES",10,4,"CITE DU STADE","1955"
"696","9ALLDES PRIMEVERES",10,4,"CITE DU STADE","1955"
"697","9AlleeALLEE MANET",1,0,"BONDY Le Hameau de la Forge","1982"
"698","9ALLEEPAUL LAFARGUE",1,0,"BONDY - TERRAIN RFF","2011"
"699","9AVENUELEON JOUHAUX",17,5,"BONDY 3 NOUE CAILL","1964"
"700","9AVJEAN LEBAS",54,12,"QUARTIER NOUE CAILLET","1961"
"701","9AVJEAN MOULIN",18,8,"","1955"
"702","9AVLEON BLUM",55,12,"QUARTIER NOUE CAILLET","1961"
"703","9AVS. BUISSON",12,5,"QUARTIER NOUE CAILLET","1961"
"704","9PLA. THOMAS",17,5,"RESIDENCE ALBERT THOMAS","1933"
"705","9PLN. NEUBURGER",8,4,"RES. HENRI BARBUSSE","1954"
"706","9RUEDE LA LIBERTE",38,4,"","2017"
"707","9RUEDES ESCHOLIERS",7,3,"BONDY Terre St Blaise Lot B","2014"
"708","9RUELUCIE AUBRAC",9,4,"","1955"
"709","9RUERABELAIS",22,5,"BONDY 3 NOUE CAILL","1964"
"710","9VILLADES CERISES",1,0,"1039","1985"
"711","AVDE LATTRE DE TASSIGNY",10,3,"DE LATTRE DE TASSIGNY","1957"
"712","PLA. THOMAS",1,0,"RESIDENCE ALBERT THOMAS","1933"
"713","RUERENÉ DUMONT",91,0,"BONDY - JORELLE","2007"
"714","SENTE BLERIOT",1,0,"RESIDENCES RUE BLANQUI","1950"
