"","ficPNG","nom","num"
"1","../data/pdf/fevrier_1.png","/data/pdf/fevrier",1
"2","../data/pdf/fevrier_10.png","/data/pdf/fevrier",10
"3","../data/pdf/fevrier_11.png","/data/pdf/fevrier",11
"4","../data/pdf/fevrier_12.png","/data/pdf/fevrier",12
"5","../data/pdf/fevrier_13.png","/data/pdf/fevrier",13
"6","../data/pdf/fevrier_14.png","/data/pdf/fevrier",14
"7","../data/pdf/fevrier_15.png","/data/pdf/fevrier",15
"8","../data/pdf/fevrier_16.png","/data/pdf/fevrier",16
"9","../data/pdf/fevrier_17.png","/data/pdf/fevrier",17
"10","../data/pdf/fevrier_18.png","/data/pdf/fevrier",18
"11","../data/pdf/fevrier_19.png","/data/pdf/fevrier",19
"12","../data/pdf/fevrier_2.png","/data/pdf/fevrier",2
"13","../data/pdf/fevrier_20.png","/data/pdf/fevrier",20
"14","../data/pdf/fevrier_21.png","/data/pdf/fevrier",21
"15","../data/pdf/fevrier_22.png","/data/pdf/fevrier",22
"16","../data/pdf/fevrier_23.png","/data/pdf/fevrier",23
"17","../data/pdf/fevrier_24.png","/data/pdf/fevrier",24
"18","../data/pdf/fevrier_25.png","/data/pdf/fevrier",25
"19","../data/pdf/fevrier_26.png","/data/pdf/fevrier",26
"20","../data/pdf/fevrier_27.png","/data/pdf/fevrier",27
"21","../data/pdf/fevrier_28.png","/data/pdf/fevrier",28
"22","../data/pdf/fevrier_29.png","/data/pdf/fevrier",29
"23","../data/pdf/fevrier_3.png","/data/pdf/fevrier",3
"24","../data/pdf/fevrier_30.png","/data/pdf/fevrier",30
"25","../data/pdf/fevrier_31.png","/data/pdf/fevrier",31
"26","../data/pdf/fevrier_32.png","/data/pdf/fevrier",32
"27","../data/pdf/fevrier_33.png","/data/pdf/fevrier",33
"28","../data/pdf/fevrier_34.png","/data/pdf/fevrier",34
"29","../data/pdf/fevrier_35.png","/data/pdf/fevrier",35
"30","../data/pdf/fevrier_36.png","/data/pdf/fevrier",36
"31","../data/pdf/fevrier_4.png","/data/pdf/fevrier",4
"32","../data/pdf/fevrier_5.png","/data/pdf/fevrier",5
"33","../data/pdf/fevrier_6.png","/data/pdf/fevrier",6
"34","../data/pdf/fevrier_7.png","/data/pdf/fevrier",7
"35","../data/pdf/fevrier_8.png","/data/pdf/fevrier",8
"36","../data/pdf/fevrier_9.png","/data/pdf/fevrier",9
"37","../data/pdf/mars1_1.png","/data/pdf/mars1",1
"38","../data/pdf/mars1_2.png","/data/pdf/mars1",2
"39","../data/pdf/mars1_3.png","/data/pdf/mars1",3
"40","../data/pdf/mars1_4.png","/data/pdf/mars1",4
"41","../data/pdf/mars1_5.png","/data/pdf/mars1",5
"42","../data/pdf/mars1_6.png","/data/pdf/mars1",6
"43","../data/pdf/mars1_7.png","/data/pdf/mars1",7
"44","../data/pdf/mars1_8.png","/data/pdf/mars1",8
"45","../data/pdf/mars2_1.png","/data/pdf/mars2",1
"46","../data/pdf/mars2_10.png","/data/pdf/mars2",10
"47","../data/pdf/mars2_11.png","/data/pdf/mars2",11
"48","../data/pdf/mars2_12.png","/data/pdf/mars2",12
"49","../data/pdf/mars2_13.png","/data/pdf/mars2",13
"50","../data/pdf/mars2_14.png","/data/pdf/mars2",14
"51","../data/pdf/mars2_15.png","/data/pdf/mars2",15
"52","../data/pdf/mars2_16.png","/data/pdf/mars2",16
"53","../data/pdf/mars2_17.png","/data/pdf/mars2",17
"54","../data/pdf/mars2_18.png","/data/pdf/mars2",18
"55","../data/pdf/mars2_2.png","/data/pdf/mars2",2
"56","../data/pdf/mars2_3.png","/data/pdf/mars2",3
"57","../data/pdf/mars2_4.png","/data/pdf/mars2",4
"58","../data/pdf/mars2_5.png","/data/pdf/mars2",5
"59","../data/pdf/mars2_6.png","/data/pdf/mars2",6
"60","../data/pdf/mars2_7.png","/data/pdf/mars2",7
"61","../data/pdf/mars2_8.png","/data/pdf/mars2",8
"62","../data/pdf/mars2_9.png","/data/pdf/mars2",9
