ville;idpc;ame_diff;typ_ame;nom_ope;nom_moe;mod_prod;nom_ssect;pnrqad;sect_plui;nom_qpv;qpv;qpv_300m;pru1;npnru;nom_prom;nom_bail;nom_gest_ofs;typ_mou_lls;nom_prog;adr;cad;typ_fonc;etat_prog;date_pc;ann_pc;date_droc;ann_droc;ann_lvr;duree_pc_livr;etat_anru;nb_log_crees_(ab);nb_log_livr_(a);nb_log_suppr_(b);log_nc;log_acclib;log_acclib_suppr;log_brs;red_brs;log_accsoc;log_psla;log_lli;log_lli_suppr;lli_al;log_lls;log_lls_suppr;lls_plai;lls_plus;lls_pls;lls_nc;ann_agr;ann_capl;plai_ro;plus_ro;nb_lls_ro;loy_lls;log_spe;log_lls_spe;typ_log_spe;log_matype;typ_matype;t1;t2;t3;t4;t5p;t_nc;couconst_hors_pkvrd;coucons-incl_pkvrd;cf_acclib;cf_accpxmait;cf_brs;cf_psla;cf_res_spe;cf_lli;cflls;rem;pers_ref;source;dat_maj
Bondy;;Diffus;;;;CN;;Non;CIN Plaine de l'Ourcq;;Non;Non;Non;Non;Jerad Rouy Naresh;;;;;17 avenue des Platanes;AV 74;;Livré;01/09/2012;2012;;;2016;4;;1;1;0;;1;;;;0;0;0;;;0;;;;;0;;;;;;;0;;;0;;NC;NC;NC;NC;NC;1;;;;;;;;;;1 pavillon;Hélène BENASSY DHRU;Ville ;nov.-18
Bondy;09301014B0070;Diffus;;;;CN;;Non;CIN Plaine de l'Ourcq;;Non;Oui;Non;Non;;;;;;2 rue du Vieux Château;AS 66;;Livré;10/02/2015;2015;10/08/2015;2015;2016;1;;1;1;0;;1;;;;0;0;0;;;0;;;;;0;;;;;;;0;;;0;;0;0;0;1;0;0;;;;;;;;;;;N Chopin DHRU;Sitadel2;juil-19
Bondy;09301014B0013;Diffus;;;;CN;;Non;CIN Plaine de l'Ourcq;;Non;Oui;Non;Non;;;;;;42 Rue du Levant ;AO 266;;Livré;10/06/2014;2014;29/05/2015;2015;2016;2;;1;1;0;;1;;;;0;0;0;;;0;;;;;0;;;;;;;0;;;0;;;;;;;1;;;;;;;;;;;N Chopin DHRU;Sitadel2 terrain;juil-19
Bondy;09301013B0081;Diffus;;;;CN;;Non;CIN Plaine de l'Ourcq;Abreuvoir Bondy Nord Centre Pont de Bondy Sablière Secteur Sud;Oui;Non;Non;Non;;ADOMA;ADOMA;MOD;Desserement Vaillant site Ourcq;58 route d'Aulnay;G 159;;Livré;06/05/2014;2014;11/12/2014;2014;2016;2;;101;101;0;;0;;;;0;0;0;;;101;;101;0;0;0;2021;;;;;;101;101;Résidence sociale;0;;101;0;0;0;0;0;;;;;;;;;;Extension du FTM création de studios à priori PLAI;N Chopin DHRU;Sitadel2;juil-19
Bondy;09301014B0064;Diffus;;;;CN;;Non;CIN Plaine de l'Ourcq;;Non;Oui;Non;Non;Bourja;;;;;6 rue du Vieux Château;AS 208;;Livré;01/02/2015;2015;27/04/2015;2015;2016;1;;1;1;0;;1;;;;0;0;0;;;0;;;;;0;;;;;;;0;;;0;;0;0;0;1;0;0;;;;;;;;;;1 pavillon;N Chopin DHRU;Ville Sitadel2;juil-19
Bondy;09301012B0102;Diffus;;;;CN;;Non;CIN Plaine de l'Ourcq;;Non;Oui;Non;Non;Calbat immobilier;;;;;63 rue Roger Salengro;AJ 26;;Livré;01/02/2013;2013;16/12/2014;2014;2016;3;;24;24;0;;24;;;;0;0;0;;;0;;;;;0;;;;;;;0;;;0;;4;12;8;0;0;0;;;;;;;;;;;Hélène BENASSY DHRU;Ville ;nov.-18
Bondy;09301013B0022;Diffus;;;;CN;Hors Site;Non;CIN Plaine de l'Ourcq;;Non;Oui;Non;Non;Akerys;Bondy Habitat;;VEFA;Cœur Bondy;103-111 Avenue Carnot;AK 12 13 125 136;;Livré;01/09/2013;2013;20/07/2016;2016;2017;4;;98;98;0;;26;;;;28;0;0;;;44;;8;36;0;0;2017;;;;;;0;;;0;;4;35;34;26;3;-4;;;;;;;;;;PRU 1 hors-site;N Chopin DHRU;Ville ANRU;sept.-19
Bondy;09301015B0038;Diffus;;;;CN;;Non;CIN Plaine de l'Ourcq;;Non;Non;Non;Non;Arthur Promotion;;;;;104 rue Roger Salengro;AI 114;;Livré;22/10/2015;2015;28/09/2016;2016;2017;2;;20;20;0;;20;;;;0;0;0;;;0;;;;;0;;;;;;;0;;;0;;10;10;0;0;0;0;;;;;;;;;;;N Chopin DHRU;Sitadel2;juil-19
Bondy;09301014B0050;Diffus;;;;CN;;Non;CIN Plaine de l'Ourcq;;Non;Non;Non;Non;Spirit Immobilier;CDC Habitat;;VEFA;Jules Ferry;12-14 avenue Jules Ferry;AU 11 12;;Livré;28/11/2014;2014;07/05/2015;2015;2017;3;;99;99;0;;0;;;;0;0;0;;;99;;20;49;30;0;2018;;;;;;0;;;0;;11;29;40;18;1;0;;;;;;;;;;;N Chopin DHRU;Ville RPLS;sept.-20
Bondy;09301015B0015;Diffus;;;;CN;;Non;CIN Plaine de l'Ourcq;;Non;Non;Non;Non;;;;;;15 allée du Rendez-vous;;;Livré;03/08/2015;2015;16/12/2015;2015;2017;2;;1;1;0;;1;;;;0;0;0;;;0;;;;;0;;;;;;;0;;;0;;0;0;0;1;0;0;;;;;;;;;;;N Chopin DHRU;Sitadel2;juil-19
Bondy;09301014B0054;Diffus;;;;CN;;Non;CIN Plaine de l'Ourcq;;Non;Oui;Non;Non;;Antin Résidences;;MOD;Mozaik;15-17 rue de la Fontaine;F 12 80 129;;Livré;01/09/2015;2015;15/09/2015;2015;2017;2;;64;64;0;;22;;;;0;0;0;;;42;;8;22;12;0;2017;;;;;;0;;;0;;6;23;26;11;0;-2;;;;;;;;;;2 immeubles d'habitation et 3 maisons de ville;Hélène BENASSY DHRU;Ville ;nov.-18
Bondy;09301014B0034;Diffus;;;;CN;;Non;CIN Plaine de l'Ourcq;;Non;Oui;Non;Non;Promogim;;;;;15-17 rue Louis Auguste Blanqui;AD 69 76;;Livré;01/09/2014;2014;11/06/2015;2015;2017;3;;39;39;0;;39;;;;0;0;0;;;0;;;;;0;;;;;;;0;;;0;;0;19;20;0;0;0;;;;;;;;;;;Hélène BENASSY DHRU;Ville ;nov.-18
Bondy;09301015B0005;Diffus;;;;CN;;Non;CIN Plaine de l'Ourcq;;Non;Non;Non;Non;;;;;;21 allée Thérèse;;;Livré;03/08/2015;2015;18/07/2016;2016;2017;2;;1;1;0;;1;;;;0;0;0;;;0;;;;;0;;;;;;;0;;;0;;0;0;0;1;0;0;;;;;;;;;;surélévation;N Chopin DHRU;Sitadel2;juil-19
Bondy;09301015B0060;Diffus;;;;CN;;Non;CIN Plaine de l'Ourcq;;Non;Oui;Non;Non;;;;;;27 Rue Jean Jaurès;;;Livré;17/11/2015;2015;06/01/2016;2016;2017;2;;1;1;0;;1;;;;0;0;0;;;0;;;;;0;;;;;;;0;;;0;;0;0;0;0;1;0;;;;;;;;;;;N Chopin DHRU;Sitadel2;juil-19
Bondy;09301015B0068;Diffus;;;;CN;;Non;CIN Plaine de l'Ourcq;;Non;Non;Non;Non;;;;;;28 rue de Tremeuge;;;Livré;29/12/2015;2015;04/03/2016;2016;2017;2;;1;1;0;;1;;;;0;0;0;;;0;;;;;0;;;;;;;0;;;0;;0;0;0;0;1;0;;;;;;;;;;;N Chopin DHRU;Sitadel2;juil-19
Bondy;09301014B0059;Diffus;;;;CN;;Non;CIN Plaine de l'Ourcq;;Non;Oui;Non;Non;SCI Jardinière;;;;;29 avenue de la Villageoise;;;Livré;13/02/2015;2015;01/02/2016;2016;2017;2;;2;2;0;;2;;;;0;0;0;;;0;;;;;0;;;;;;;0;;;0;;0;0;0;2;0;0;;;;;;;;;;;N Chopin DHRU;Sitadel2;juil-19
Bondy;;Diffus;;;;CN;De Lattre;Non;CIN Plaine de l'Ourcq;Abreuvoir Bondy Nord Centre Pont de Bondy Sablière Secteur Sud;Oui;Non;Non;Non;;CDC Habitat;ALJT;MOD;;31 Avenue Pasteur;N 14;;Livré;01/07/2014;2014;01/01/2015;2015;2017;3;;200;200;0;;0;;;;0;0;0;;;200;;100;100;0;0;;2017;;;;;200;200;Jeunes actifs;0;;200;0;0;0;0;0;;;;;;;;;;Résidences sociales jeunes actifs - 9 T1bis (4 pour famille monoparentale 5 pour couple);N Chopin DHRU;Ville OSICA;juil.-19
Bondy;09301015B0013;Diffus;;;;CN;Hors Site;Non;CIN Plaine de l'Ourcq;;Non;Non;Non;Non;;Bondy Habitat;;MOD;Varsovie;34 rue de Varsovie;BG 49 50 51;;Livré;01/06/2015;2015;25/11/2015;2015;2017;2;;20;20;0;;0;;;;0;0;0;;;20;;1;19;0;0;2017;;;;;;0;;;0;;0;3;7;9;1;0;;;;;;;;;;PRU 1 hors-site;N Chopin DHRU;Ville ANRU;sept.-19
Bondy;09301014B0056;Diffus;;;;AA-T;;Non;CIN Plaine de l'Ourcq;;Non;Oui;Non;Non;;;;;;34 voie Promenade;D 169 175;;Livré;25/11/2014;2014;03/11/2015;2015;2017;3;;3;3;0;;3;;;;0;0;0;;;0;;;;;0;;;;;;;0;;;0;;1;1;1;0;0;0;;;;;;;;;;changement de destination (269m²);N Chopin DHRU;Sitadel2;sept.-19
Bondy;09301014B0078;Diffus;;;;CN;;Non;CIN Plaine de l'Ourcq;;Non;Non;Non;Non;Hamidi;;;;;77 rue Roger Salengro;AJ 178;;Livré;01/03/2015;2015;23/06/2015;2015;2017;2;;7;7;0;;7;;;;0;0;0;;;0;;;;;0;;;;;;;0;;;0;;0;4;3;0;0;0;;;;;;;;;;Surélévation pour création de 7 logements;N Chopin DHRU;Ville Sitadel2;juil-19
Bondy;;Diffus;;;;CN;;Non;CIN Plaine de l'Ourcq;;Non;Non;Non;Non;;LogiRep;;MOD;;9 Rue de la Liberté;AT 128;;Livré;01/07/2012;2012;;;2017;5;;38;38;0;;0;;;;0;0;0;;;38;;4;16;18;0;2017;;;;;;0;;;0;;8;13;12;5;0;0;;;;;;;;;;;Hélène BENASSY DHRU;Ville ;nov.-18
Bondy;09301014B0080;Secteur aménagé;PRU1;PRU 1 Bondy;;CN;Terre Saint Blaise;Non;CIN Plaine de l'Ourcq;Abreuvoir Bondy Nord Centre Pont de Bondy Sablière Secteur Sud;Oui;Non;Oui;Non;I3F CLARM;;;MOD;Lot C;Rue des Escholiers;A 303p 72p;;Livré;01/06/2015;2015;24/09/2015;2015;2017;2;;16;16;0;;0;;;;16;0;0;;;0;;;;;0;;;;;;;0;;;0;;0;0;2;12;2;0;;;;;;;;;;maisons individuelles;N Chopin DHRU;Ville Sitadel2;juil-19
Bondy;09301013B0082;Secteur aménagé;PRU1;PRU 1 Bondy;;CN;De Lattre;Non;CIN Plaine de l'Ourcq;Abreuvoir Bondy Nord Centre Pont de Bondy Sablière Secteur Sud;Oui;Non;Oui;Non;;Bondy Habitat;;MOD;Lot I et I';Rue des Frères Darty / 2-4 allée George Sand / 28 avenue de Lattre de Tassigny;P 129 93 17 68 87 88 95 130 131 5 6 152;;Livré;01/04/2014;2014;01/09/2015;2015;2017;3;;75;75;0;;0;;;;13;0;0;;;62;;0;0;62;0;2017;;;;;;0;;;0;;0;12;31;28;4;0;;;;;;;;;;;N Chopin DHRU;Ville ;nov.-18
Bondy;09301012B0091;Diffus;;;;CN;Hors Site;Non;CIN Plaine de l'Ourcq;Blanqui;Oui;Non;Non;Non;;Bondy Habitat;;;;Rue Jacqueline Auriol;AM 296;;Livré;21/01/2013;2013;01/09/2015;2015;2017;4;;12;12;0;;0;;;;12;0;0;;;0;;;;;0;;;;;;;0;;;0;;0;0;0;0;12;0;;;;;;;;;;PRU 1 hors site - 12 maisons;N Chopin DHRU;Ville ANRU;sept.-19
Bondy;09301015B0001;Diffus;;;;CN;;Non;CIN Plaine de l'Ourcq;;Non;Oui;Non;Non;Les Nouveaux Constructeurs;;;;;13-19 rue Edouard Vaillant;;;Livré;19/06/2015;2015;16/06/2016;2016;2018;3;;49;49;0;;49;;;;0;0;0;;;0;;;;;0;;;;;;;0;;;0;;1;24;19;5;0;0;;;;;;;;;;;N Chopin DHRU;Ville Sitadel2;juil-19
Bondy;09301015B0067;Diffus;;;;CN;Hors Site;Non;CIN Plaine de l'Ourcq;Abreuvoir Bondy Nord Centre Pont de Bondy Sablière Secteur Sud;Oui;Non;Non;Non;;I3F;;MOD;;132 avenue Gallieni / 1 avenue du Maréchal De Lattre de Tassigny;O 30;;Livré;03/02/2016;2016;06/06/2016;2016;2018;2;;32;32;0;;0;;;;0;0;0;;;32;;4;28;0;0;2017;;;;;;0;;;0;;5;9;10;6;2;0;;;;;;;;;;PRU 1 hors-site;N Chopin DHRU;Ville Sitadel2 ANRU;nov-20
Bondy;09301015B0054;Diffus;;;;CN;Hors Site;Non;CIN Plaine de l'Ourcq;Abreuvoir Bondy Nord Centre Pont de Bondy Sablière Secteur Sud;Oui;Non;Non;Non;;I3F;;MOD;;140-146 avenue Gallieni;AO 34 35 36;;Livré;13/12/2015;2015;30/06/2016;2016;2018;3;;48;48;0;;1;;;;0;0;0;;;47;;5;41;1;0;2018;;;;;;0;;;0;;10;10;16;10;2;0;;;;;;;;;;PRU 1 hors-site;N Chopin DHRU;Ville ANRU RPLS;sept.-20
Bondy;09301017B0028;Diffus;;;;CN;;Non;CIN Plaine de l'Ourcq;;Non;Non;Non;Non;;;;;;15 Allée des Tilleuls;AX 128;;Livré;26/06/2017;2017;02/11/2017;2017;2018;1;;1;1;0;;1;;;;0;0;0;;;0;;;;;0;;;;;;;0;;;0;;0;0;0;0;1;0;;;;;;;;;;;N Chopin DHRU;Sitadel2 terrain;avr-21
Bondy;09301014B0074;Diffus;;;;CN;;Non;CIN Plaine de l'Ourcq;;Non;Oui;Non;Non;Nour Promotion;;;;;151-153 avenue de la République;AT 111 112;;Livré;20/04/2015;2015;27/06/2016;2016;2018;3;;49;49;0;;49;;;;0;0;0;;;0;;;;;0;;;;;;;0;;;0;;16;21;8;4;0;0;;;;;;;;;;;N Chopin DHRU;Ville Sitadel2;juil-19
Bondy;09301014B0019;Diffus;;;;CN;;Non;CIN Plaine de l'Ourcq;Abreuvoir Bondy Nord Centre Pont de Bondy Sablière Secteur Sud;Oui;Non;Non;Non;;CDC Habitat;;MOD;Hannah Arendt;152 avenue Gallieni;O 74 75;;Livré;10/07/2014;2014;01/01/2016;2016;2018;4;;57;57;0;;0;;;;0;0;0;;;57;;18;39;0;0;2018;;;;;;0;;;0;;7;14;27;7;2;0;;;;;;;;;;;N Chopin DHRU;Ville ;nov.-18
Bondy;09301013B0083;Secteur aménagé;PRU1;PRU 1 Bondy;;CN;Noue Caillet;Non;CIN Plaine de l'Ourcq;Abreuvoir Bondy Nord Centre Pont de Bondy Sablière Secteur Sud;Oui;Non;Oui;Oui;;Bondy Habitat;;MOD;Silo;16 bis avenue Léon Blum / Passage du Vercors;A 255;;Livré;25/06/2014;2014;07/07/2016;2016;2018;4;;18;18;0;;0;;;;0;18;0;;;0;;;;;0;;;;;;;0;;;0;;0;0;9;9;0;0;;;;;;;;;;18 maisons groupées;N Chopin DHRU;Ville Sitadel2;juil-19
Bondy;09301016B0021;Diffus;;;;CN;;Non;CIN Plaine de l'Ourcq;;Non;Non;Non;Non;;;;;;17 Allée des Tilleuls;AX 127;;Livré;16/06/2016;2016;06/12/2016;2016;2018;2;;1;1;0;;1;;;;0;0;0;;;0;;;;;0;;;;;;;0;;;0;;0;0;0;0;1;0;;;;;;;;;;;N Chopin DHRU;Sitadel2 terrain;avr-21
Bondy;09301016B0016;Diffus;;;;CN;;Non;CIN Plaine de l'Ourcq;;Non;Oui;Non;Non;;;;;;17 Avenue Marguerite;K 38;;Livré;;NC;;;2018;;;1;1;0;;1;;;;0;0;0;;;0;;;;;0;;;;;;;0;;;0;;NC;NC;NC;NC;NC;1;;;;;;;;;;;N Chopin DHRU;Sitadel2 terrain;sept.-20
Bondy;09301014B0011;Diffus;;;;CN;;Non;CIN Plaine de l'Ourcq;;Non;Oui;Non;Non;;;;;;188 Rue Louis Auguste Blanqui;AO 129;;Livré;19/06/2014;2014;28/04/2017;2017;2018;4;;1;1;0;;1;;;;0;0;0;;;0;;;;;0;;;;;;;0;;;0;;0;0;0;1;0;0;;;;;;;;;;;N Chopin DHRU;Sitadel2 terrain;avr-21
Bondy;09301015B0028;Diffus;;;;CN;Hors Site;Non;CIN Plaine de l'Ourcq;;Non;Oui;Non;Non;;Bondy Habitat;;MOD;;28 avenue Henri Varagnat;C 167 103 108;;Livré;01/08/2015;2015;18/11/2015;2015;2018;3;PRU1;38;38;0;;0;;;;0;0;0;;;38;;2;36;0;0;2017;;2;28;PRU1;;0;;;0;;6;20;10;2;0;0;;;;;;;;;;PRU 1 hors-site;N Chopin DHRU;Ville ANRU;sept.-19
Bondy;09301014B0063;Diffus;;;;CN;Les Merisiers;Non;CIN Plaine de l'Ourcq;Abreuvoir Bondy Nord Centre Pont de Bondy Sablière Secteur Sud;Oui;Non;Oui;Oui;Léon Grosse Immobilier;Clésence;;VEFA;;33 rue Fontaine;F 95;;Livré;03/02/2015;2015;17/05/2016;2016;2018;3;;59;59;0;;0;;;;0;0;0;;;59;;0;0;59;0;2017;;;;;;0;;;0;;6;14;22;16;1;0;;;;;;;;;;;N Chopin DHRU;Ville ;nov.-18
Bondy;09301015B0050;Diffus;;;;CN;;Non;CIN Plaine de l'Ourcq;;Non;Oui;Non;Non;;;;;;33 Rue Henri Alpy;AB 88;;Livré;21/10/2015;2015;25/04/2016;2016;2018;3;;5;5;0;;5;;;;0;0;0;;;0;;;;;0;;;;;;;0;;;0;;0;2;3;0;0;0;;;;;;;;;;;N Chopin DHRU;Sitadel2;juil-19
Bondy;09301015B0012;Diffus;;;;CN;Hors Site;Non;CIN Plaine de l'Ourcq;;Non;Oui;Non;Non;;Bondy Habitat;;MOD;Salengro;34 rue Roger Salengro;AE 103;;Livré;24/07/2015;2015;17/05/2016;2016;2018;3;;20;20;0;;0;;;;0;0;0;;;20;;4;16;0;0;2018;;;;;;0;;;0;;0;6;9;6;0;-1;;;;;;;;;;PRU 1 hors-site;N Chopin DHRU;Ville ANRU;sept.-19
Bondy;09301016B0040;Secteur aménagé;PRU1;PRU 1 Bondy Hors Site;;CN;Hors Site;Non;CIN Plaine de l'Ourcq;;Non;Oui;Non;Non;;I3F;;MOD;;41-45  avenue Henri Varagnat;A 270;;Livré;02/06/2016;2016;13/03/2017;2017;2018;2;;32;32;0;;0;;;;0;0;0;;;32;;4;21;7;0;2016;;;;;;0;;;0;;1;10;12;7;2;0;;;;;;;;;;;Hélène BENASSY DHRU;Ville ;nov.-18
Bondy;09301017B0005;Diffus;;;;CN;;Non;CIN Plaine de l'Ourcq;;Non;Non;Non;Non;B&C  Immo;;;;;44 rue Michelet;AI 20;;Livré;27/04/2017;2017;01/01/2017;2017;2018;1;;1;2;-1;;2;-1;;;0;0;0;;;0;;;;;0;;;;;;;0;;;0;;2;0;0;0;0;0;;;;;;;;;;;N Chopin DHRU;Sitadel2;juil-19
Bondy;09301016B0030;Diffus;;;;CN;Hors Site;Non;CIN Plaine de l'Ourcq;;Non;Oui;Non;Non;;Bondy Habitat;;MOD;ex Bazar d'Agadir;46 rue Jules Guesde;AE 208;;Livré;26/09/2016;2016;13/03/2017;2017;2018;2;;20;20;0;;0;;;;0;0;0;;;20;;4;16;0;0;2018;;;;;;0;;;0;;0;9;5;6;0;0;;;;;;;;;;PRU 1 hors-site;N Chopin DHRU;Ville Sitadel2 ANRU;juil.-21
Bondy;09301014B0043;Secteur aménagé;PRU1;PRU 1 Bondy;;CN;Noue Caillet;Non;CIN Plaine de l'Ourcq;Abreuvoir Bondy Nord Centre Pont de Bondy Sablière Secteur Sud;Oui;Non;Oui;Non;;Seine-Saint-Denis Habitat;;MOD;;4-8 Avenue Léon Blum;B 250;;Livré;06/02/2015;2015;12/10/2016;2016;2018;3;;43;43;0;;0;;;;0;0;0;;;43;;15;28;0;0;2018;;;;;;0;;;0;;0;9;21;11;2;0;;;;;;;;;;PRU 1;N Chopin DHRU;Sitadel2 ANRU RPLS;sept.-20
Bondy;09301015B0065;Diffus;;;;CN;;Non;CIN Plaine de l'Ourcq;;Non;Non;Non;Non;;;;;;4bis Allée Marcel Sembat;X 218;;Livré;11/02/2016;2016;23/03/2018;2018;2018;2;;1;1;0;;1;;;;0;0;0;;;0;;;;;0;;;;;;;0;;;0;;NC;NC;NC;NC;NC;1;;;;;;;;;;;N Chopin DHRU;Sitadel2 terrain;juil-19
Bondy;09301014B0066;Diffus;;;;CN;;Non;CIN Plaine de l'Ourcq;;Non;Non;Non;Non;Singh;;;;;55 Allée Alice;U 70;;Livré;13/02/2015;2015;06/08/2015;2015;2018;3;;2;2;0;;2;;;;0;0;0;;;0;;;;;0;;;;;;;0;;;0;;0;1;0;0;1;0;;;;;;;;;;;N Chopin DHRU;Sitadel2;juil-19
Bondy;09301014B0071;Secteur aménagé;PRU1;PRU 1 Bondy;;CN;De Lattre;Non;CIN Plaine de l'Ourcq;Abreuvoir Bondy Nord Centre Pont de Bondy Sablière Secteur Sud;Oui;Non;Oui;Non;European Homes ;Bondy Habitat;;VEFA;Lot J et J';56-58 avenue du Maréchal De Lattre de Tassigny;P 34 66 81 129;;Livré;01/04/2015;2015;14/12/2015;2015;2018;3;PRU1;100;100;0;;48;;;;0;0;0;;;52;;6;24;22;0;2017;;6;24;PRU1;;0;;;0;;4;29;37;27;3;0;;;;;;;;;;PRU 1;N Chopin DHRU;Ville inventaire SRU;avr.-23
Bondy;09301015B0033;Diffus;;;;CN;;Non;CIN Plaine de l'Ourcq;;Non;Oui;Non;Non;KBF Invest;;;;;60 rue Edouard Vaillant;AS 125;;Livré;28/10/2015;2015;;2016;2018;3;;8;9;-1;;9;-1;;;0;0;0;;;0;;;;;0;;;;;;;0;;;0;;0;8;1;0;0;0;;;;;;;;;;;N Chopin DHRU;Sitadel2;juil-19
Bondy;09301013B0066;Diffus;;;;CN;;Non;CIN Plaine de l'Ourcq;;Non;Non;Non;Non;SCI Sousa Immobiliare;;;;;8 rue de Varsovie;AU 208;;Livré;26/12/2013;2013;01/03/2015;2015;2018;5;;13;13;0;;13;;;;0;0;0;;;0;;;;;0;;;;;;;0;;;0;;5;3;5;0;0;0;;;;;;;;;;;N Chopin DHRU;Sitadel2 terrain;sept.-19
Bondy;PD 09301016B0003;Secteur aménagé;PRU1;PRU 1 Bondy;;DEMOL;Terre Saint Blaise;Non;CIN Plaine de l'Ourcq;Abreuvoir Bondy Nord Centre Pont de Bondy Sablière Secteur Sud;Oui;Non;Oui;Non;;I3F;;MOD;Démolition barre R;Allée de la Passe aux Daims / Rue Picrocholes;A 267;;Livré;07/02/2017;2017;;2017;2018;1;;-108;0;-108;;;;;;;;;;;;-108;;-108;;0;;;;;;;;;;;;3;;;;;-3;;;;;;;;;;PRU1;N Chopin DHRU;Ville Sitadel2 ANRU;juil-19
Bondy;;Secteur aménagé;PRU1;PRU 1 Bondy;;DEMOL;Noue Caillet;Non;CIN Plaine de l'Ourcq;Abreuvoir Bondy Nord Centre Pont de Bondy Sablière Secteur Sud;Oui;Non;Oui;Oui;;Bondy Habitat;;MOD;Démolition CCA2;Avenue Léon Blum / Rue Odette Pain;;;Livré;;NC;;2016;2018;;;-32;0;-32;;;;;;;;;;;;-32;;-32;;0;;;;;;;;;;;;;;;;;0;;;;;;;;;;PRU1 démolition ctre commercial;N Chopin DHRU;Ville ANRU;sept.-19
Bondy;09301016B0042;Diffus;;;;CN;;Non;CIN Plaine de l'Ourcq;;Non;Non;Non;Non;;;;;;10 Allée Alice;X 89;;Livré;08/11/2016;2016;01/06/2017;2017;2019;3;;3;3;0;;3;;;;0;0;0;;;0;;;;;0;;;;;;;0;;;0;;0;0;3;0;0;0;;;;;;;;;;;N Chopin DHRU;Sitadel2;juil-19
Bondy;09301016B0062;Diffus;;;;CN;;Non;CIN Plaine de l'Ourcq;;Non;Non;Non;Non;SCI Cozma;;;;;178 avenue Henri Barbusse;Y 199;;Livré;21/04/2017;2017;01/10/2017;2017;2019;2;;6;6;0;;6;;;;0;0;0;;;0;;;;;0;;;;;;;0;;;0;;0;1;4;0;1;0;;;;;;;;;;;N Chopin DHRU;Ville Sitadel2;juil-19
Bondy;09301015B0022;Diffus;;;;CN;;Non;CIN Plaine de l'Ourcq;;Non;Non;Non;Non;SCCV AF REBAIS;;;;;185 rue Louis Auguste Blanqui;AO 224;;Livré;10/07/2015;2015;05/01/2017;2017;2019;4;;17;17;0;;17;;;;0;0;0;;;0;;;;;0;;;;;;;0;;;0;;4;12;1;0;0;0;;;;;;;;;;;N Chopin DHRU;Ville Sitadel2;juil-19
Bondy;09301015B0048;Diffus;;;;CN;;Non;CIN Plaine de l'Ourcq;;Non;Oui;Non;Non;Les Nouveaux Constructeurs;Clésence;;VEFA;Jardins en Ville;202-208 avenue Gallieni;M 2 3 4;;Livré;18/04/2016;2016;18/04/2017;2017;2019;3;;124;124;0;;67;;;;0;0;0;;;57;;0;0;57;0;2016;;;;;;0;;;0;;7;60;40;17;0;0;;;;;;;;;;;N Chopin DHRU;Ville Sitadel2;juil-19
Bondy;09301015B0002;Diffus;;;;CN;;Non;CIN Plaine de l'Ourcq;;Non;Oui;Non;Non;Trianon Promotion;;;;;25 rue Edouard Vaillant;;;Livré;29/03/2015;2015;11/04/2016;2016;2019;4;;20;20;0;;20;;;;0;0;0;;;0;;;;;0;;;;;;;0;;;0;;11;7;2;0;0;0;;;;;;;;;;;N Chopin DHRU;Ville Sitadel2;juil-19
Bondy;09301015B0044;Diffus;;;;CN;Hors Site;Non;CIN Plaine de l'Ourcq;;Non;Oui;Non;Non;;Bondy Habitat;;MOD;République;33 cours de la République;AD 60 88;;Livré;03/12/2015;2015;26/06/2017;2017;2019;4;PRU1;34;34;0;;0;;;;21;0;0;;;13;;2;11;0;0;2018;;2;11;PRU1;;0;;;0;;1;4;15;14;0;0;;;;;;;;;;PRU 1 hors-site;N Chopin DHRU;Ville ANRU;sept-19
Bondy;09301014B0075;Diffus;;;;CN;;Non;CIN Plaine de l'Ourcq;;Non;Non;Non;Non;;;;;;42 Rue Robert Douvillez;S 96;;Livré;09/04/2015;2015;30/09/2016;2016;2019;4;;5;5;0;;5;;;;0;0;0;;;0;;;;;0;;;;;;;0;;;0;;2;1;2;0;0;0;;;;;;;;;;;N Chopin DHRU;Ville Sitadel2;juil-19
Bondy;09301016B0009;Diffus;;;;CN;;Non;CIN Plaine de l'Ourcq;;Non;Non;Non;Non;Mohun;;;;;6 Allée Marcel Sembat;X 54;;Livré;02/06/2016;2016;14/02/2017;2017;2019;3;;2;2;0;;2;;;;0;0;0;;;0;;;;;0;;;;;;;0;;;0;;0;0;0;2;0;0;;;;;;;;;;;N Chopin DHRU;Ville Sitadel2;juil-19
Bondy;09301017B0069;Diffus;;;;CN;;Non;CIN Plaine de l'Ourcq;;Non;Oui;Non;Non;;;;;;7 allée de la Villa Jeannette;AN 61;;Livré;21/03/2018;2018;26/06/2018;2018;2019;1;;3;3;0;;3;;;;0;0;0;;;0;;;;;0;;;;;;;0;;;0;;0;0;2;1;0;0;;;;;;;;;;;N Chopin DHRU;Sitadel2;sept-19
Bondy;09301016B0012;Diffus;;;;CN;;Non;CIN Plaine de l'Ourcq;;Non;Oui;Non;Non;OGIC;CDC Habitat;;VEFA;88 Carnot;88-92 avenue Carnot;;;Livré;28/07/2016;2016;;2017;2019;3;;76;76;0;;37;;;;0;0;16;;;23;;0;0;23;0;2016;;;;;;0;;;0;;1;24;38;11;2;0;;;;;;;;;;;N Chopin DHRU;Ville Sitadel2;juil-19
Bondy;;Diffus;;;;CN;NC;Non;NC;;NC;NC;NC;NC;PC individuels (1 logement) livraisons 2019;;;;;PC individuels (1 logement) livraisons 2019;;;Livré;;2017;;2018;2019;2;;3;3;0;;3;;;;0;0;0;;;0;;;;;0;;;;;;;0;;;0;;NC;NC;NC;NC;NC;3;;;;;;;;;;A partir des livraisons 2019 les PC individuels correspondent à la somme des PC de 1 logement dont les travaux ont démarré l'année n-1;N Chopin DHRU;Sitadel2;sept-19
Bondy;09301018B0040;Diffus;;;;CN;;Non;CIN Plaine de l'Ourcq;;Non;Non;Non;Non;;;;;;1 allée des Tilleuls;AX 135;;Livré;07/11/2018;2018;;;2020;2;;3;3;0;;3;;;;0;0;0;;;0;;;;;0;;;;;;;0;;;0;;0;0;3;0;0;0;;;;;;;;;;;N Chopin DHRU;Sitadel2 terrain;nov.-20
Bondy;09301018B0045;Diffus;;;;CN;;Non;CIN Plaine de l'Ourcq;;Non;Oui;Non;Non;;;;;;19 avenue Denise;AS 137;;Livré;16/11/2018;2018;22/04/2019;2019;2020;2;;2;2;0;;2;;;;0;0;0;;;0;;;;;0;;;;;;;0;;;0;;0;0;1;1;0;0;;;;;;;;;;chantier lancé;N Chopin DHRU;Sitadel2 terrain;avr-21
Bondy;09301018B0012;Diffus;;;;CN;;Non;CIN Plaine de l'Ourcq;;Non;Oui;Non;Non;SCI Tara;;;;;2 rue Saint-Louis Prolongée;AZ 117;;Livré;24/07/2018;2018;01/09/2019;2019;2020;2;;7;7;0;;7;;;;0;0;0;;;0;;;;;0;;;;;;;0;;;0;;0;2;2;3;0;0;;;;;;;;;;;N Chopin DHRU;Sitadel2 terrain;avr-21
Bondy;09301018B0006;Diffus;;;;AA-T;;Non;CIN Plaine de l'Ourcq;;Non;Non;Non;Non;;;;;;20 Allée des Hêtres;AV 150;;Livré;06/04/2018;2018;;;2020;2;;2;2;0;;2;;;;0;0;0;;;0;;;;;0;;;;;;;0;;;0;;1;1;0;0;0;0;;;;;;;;;;;N Chopin DHRU;Sitadel2 terrain;nov.-20
Bondy;09301018B0056;Diffus;;;;CN;;Non;CIN Plaine de l'Ourcq;;Non;Non;Non;Non;;;;;;24 rue du Quatre Septembre;D 224;;Livré;10/12/2018;2018;;;2020;2;;2;2;0;;2;;;;0;0;0;;;0;;;;;0;;;;;;;0;;;0;;0;0;2;0;0;0;;;;;;;;;;;N Chopin DHRU;Sitadel2 terrain;nov.-20
Bondy;09301017B0039;Diffus;;;;CN;;Non;CIN Plaine de l'Ourcq;;Non;Oui;Non;Non;;;;;;3 Allée de la Fauvette;AL 25;;Livré;16/08/2017;2017;12/02/2018;2018;2020;3;;2;2;0;;2;;;;0;0;0;;;0;;;;;0;;;;;;;0;;;0;;0;0;0;0;2;0;;;;;;;;;;;N Chopin DHRU;Sitadel2 terrain;nov.-20
Bondy;09301017B0042;Diffus;;;;CN;;Non;CIN Plaine de l'Ourcq;;Non;Non;Non;Non;;;;;;31 rue du Quatre Septembre;D 215;;Livré;30/08/2017;2017;11/02/2019;2019;2020;3;;2;2;0;;2;;;;0;0;0;;;0;;;;;0;;;;;;;0;;;0;;0;0;2;0;0;0;;;;;;;;;;;N Chopin DHRU;Sitadel2 terrain;avr-21
Bondy;09301017B0004;Diffus;;;;CN;;Non;CIN Plaine de l'Ourcq;;Non;Oui;Non;Non;;;;;;33 Avenue de la Villageoise;E 52;;Livré;08/06/2017;2017;15/04/2019;2019;2020;3;;3;3;0;;3;;;;0;0;0;;;0;;;;;0;;;;;;;0;;;0;;0;0;3;0;0;0;;;;;;;;;;;N Chopin DHRU;Sitadel2 terrain;nov.-20
Bondy;09301017B0031;Diffus;;;;CN;;Non;CIN Plaine de l'Ourcq;;Non;Oui;Non;Non;;;;;;71 avenue Carnot;AK 85;;Livré;25/07/2017;2017;16/04/2018;2018;2020;3;;3;3;0;;3;;;;0;0;0;;;0;;;;;0;;;;;;;0;;;0;;1;2;0;0;0;0;;;;;;;;;;;N Chopin DHRU;Sitadel2 terrain;nov.-20
Bondy;;Diffus;;;;CN;NC;Non;NC;;NC;NC;NC;NC;PC individuels (1 logement) livraisons 2020;;;;;PC individuels (1 logement) livraisons 2020;;;Livré;;2018;;2019;2020;2;;7;7;0;;7;;;;0;0;0;;;0;;;;;0;;;;;;;0;;;0;;NC;NC;NC;NC;NC;7;;;;;;;;;;A partir des livraisons 2019 les PC individuels correspondent à la somme des PC de 1 logement dont les travaux ont démarré l'année n-1;N Chopin DHRU;Sitadel2;mars-21
Bondy;09301017B0017;Secteur aménagé;PRU1;PRU 1 Bondy;;CN;Noue Caillet;Non;CIN Plaine de l'Ourcq;Abreuvoir Bondy Nord Centre Pont de Bondy Sablière Secteur Sud;Oui;Non;Oui;Oui;Cap Synthèse;Association Foncière Logement;;VEFA;Cœur Tillon (Lot G);Rue Germaine Tillon - Avenue Jean Moulin;B 340;;Livré;12/09/2017;2017;01/06/2018;2018;2020;3;;13;13;0;;13;;;;0;0;0;;;0;;;;;0;;;;;;;0;;;0;;0;2;5;5;1;0;;;;;;;;;;PRU1 - 7 maisons groupées - 1 immeuble de 6 appartements;N Chopin DHRU;Sitadel2 promoteur;nov.-20
Bondy;09301018B0043;Secteur aménagé;PRU1;PRU 1 Bondy;;CN;Terre Saint Blaise;Non;CIN Plaine de l'Ourcq;Abreuvoir Bondy Nord Centre Pont de Bondy Sablière Secteur Sud;Oui;Non;Oui;Non;I3F CLARM;;;;Villas Prodigia;1-3 allée de la Passe aux Daims - Avenue Léon Jouhaux;A 267;;Livré;03/12/2018;2018;27/05/2019;2019;2021;3;;22;22;0;;0;;;;22;0;0;;;0;;;;;0;;;;;;;0;;;0;;0;0;0;18;4;0;;;;;;;;;;22 pavillons - a priori livré en 2021;N Chopin DHRU;Ville ANRU;mars-22
Bondy;PD 09301016B0001;Diffus;;;;DEMOL;;Non;CIN Plaine de l'Ourcq;;Non;Oui;Non;Non;;ADOMA;ADOMA;;Démoltion FTM;167-187 rue Edouard Vaillant;AN 13 / AN 204;;Livré;18/05/2016;2016;;;2021;5;;-244;0;-244;;;;;;;;;;;;-244;NC;NC;NC;-244;;;;;;;-244;-244;ex-FTM;;;NC;NC;NC;NC;NC;0;;;;;;;;;;démolition de l'ex-FTM Vaillant;N Chopin DHRU;Sitadel2 terrain;févr-23
Bondy;09301016B0055;Diffus;;;;CN;;Non;CIN Plaine de l'Ourcq;;Non;Non;Non;Non;Espacity;;;;Les Terrasses Bondy;170-174 avenue Henri Barbusse;AY 214 216 222;;Livré;27/04/2017;2017;05/03/2019;2019;2021;4;;37;37;0;;37;;;;0;0;0;;;0;;;;;0;;;;;;;0;;;0;;3;14;13;4;3;0;;;;;;;;;;livré en juin 2021;N Chopin DHRU;Ville promoteur;janv.-22
Bondy;09301017B0052;Secteur aménagé;ZAC;ZAC des Rives de l'Ourcq;Séquano;CN;Secteur Centre;Non;CIN Plaine de l'Ourcq;;Non;Oui;Non;Non;Pichet;;;;Docks de l'Ourcq (Lot C6);21 route d'Aulnay;H 374;;Livré;01/03/2018;2018;18/12/2018;2018;2021;3;;96;96;0;;96;;;;0;0;0;;;0;;;;;0;;;;;;;0;;;0;;9;30;32;18;7;0;;;620 €;;;;;;;Dépôt de PC différent des données transmises par la Sequano : ilot C6/C7a 110 logts en accession et 39 en LLS;N Chopin DHRU;Ville promoteur;sept.-20
Bondy;09301019B0074;Diffus;;;;CN;;Non;CIN Plaine de l'Ourcq;;Non;Non;Non;Non;;;;;;214 rue Louis Auguste Blanqui;AO 86;;Livré;05/03/2020;2020;;2020;2021;1;;2;2;0;;2;;;;0;0;0;;;0;;;;;0;;;;;;;0;;;0;;0;0;1;1;0;0;;;;;;;;;;;N Chopin DHRU;Sitadel2 terrain;janv-22
Bondy;09301017B0053;Secteur aménagé;ZAC;ZAC des Rives de l'Ourcq;Séquano;CN;Secteur Centre;Non;CIN Plaine de l'Ourcq;;Non;Oui;Non;Non;Pichet;I3F;;VEFA;Lumières de l'Ourcq (Lot C7a);39 route d'Aulnay / 2 rue Nadia Murad;H 362 367;;Livré;16/03/2018;2018;18/12/2018;2018;2021;3;C0663-31-0001 / 2020;62;62;0;;22;;;;0;0;0;;;40;;9;24;7;0;2018;;9;6;15;;0;;;0;;8;17;25;10;2;0;;;620 €;;;;;;;Dépôt de PC différent des données transmises par la Sequano : ilot C6/C7a 110 logts en accession et 39 en LLS / NPNRU hors site / DAACT déc 2021;N Chopin DHRU;Ville promoteur;nov.-20
Bondy;09301019B0040;Diffus;;;;CN;;Non;CIN Plaine de l'Ourcq;;Non;Non;Non;Non;;;;;;7 villa Lavigne;AK 77;;Livré;21/01/2020;2020;22/01/2020;2020;2021;1;;4;5;-1;;5;-1;;;0;0;0;;;0;;;;;0;;;;;;;0;;;0;;0;2;3;0;0;0;;;;;;;;;;transformation et surélévation d'une maison;N Chopin DHRU;Sitadel2 terrain;janv-22
Bondy;PD 09301019B0001;Secteur aménagé;PRU1 / AAP;PRU 1 Bondy / AAP IMGP 2;;DEMOL;De Lattre;Non;CIN Plaine de l'Ourcq;Abreuvoir Bondy Nord Centre Pont de Bondy Sablière Secteur Sud;Oui;Non;Oui;Oui;;Bondy Habitat;;MOD;IMGP 2 - Démolition barre D1;Allée Georges Sand - avenue du Maréchal de Lattre de Tassigny;P 159;;Livré;22/02/2019;2019;01/12/2018;2018;2021;2;;-256;0;-256;;;;;;;;;;;;-256;;;;-256;;;;;;;;;;;;;;;;;0;;;;;;;;;;déconstruction réalisée 1er trimestre 2021;N Chopin DHRU;Ville ANRU Bailleur;mars-21
Bondy;;Diffus;;;;CN;NC;Non;NC;;NC;NC;NC;NC;PC individuels (1 logement) livraisons 2021;;;;;PC individuels (1 logement) livraisons 2021;;;Livré;;2019;;2020;2021;2;;2;2;0;;2;;;;;;;;;0;;;;;0;;;;;;;;;;;;NC;NC;NC;NC;NC;2;;;;;;;;;;A partir des livraisons 2019 les PC individuels correspondent à la somme des PC de 1 logement dont les travaux ont démarré l'année n-1;N Chopin DHRU;Sitadel2;févr-22
Bondy;09301017B0020;Diffus;;;;CN;De Lattre;Non;CIN Plaine de l'Ourcq;Abreuvoir Bondy Nord Centre Pont de Bondy Sablière Secteur Sud;Oui;Non;Oui;Non;;Est Ensemble Habitat;;;;11 rue Auguste Polissard;P 25;;Livré;16/08/2017;2017;06/11/2020;2020;2022;5;;15;15;0;;0;;;;15;0;0;;;0;;;;;0;;;;;;;0;;;0;;0;5;10;0;0;0;;;;;;;;;;;N Chopin DHRU;Ville ;févr.-23
Bondy;09301018B0072;Secteur aménagé;NPNRU / AAP;NPNRU Bondy secteurs centre nord / AAP IMGP 1;;CN;Noue Caillet;Non;CIN Plaine de l'Ourcq;Abreuvoir Bondy Nord Centre Pont de Bondy Sablière Secteur Sud;Oui;Non;Oui;Oui;Pichet;;;;Le Patio (IMGP 1);Avenue Léon Blum / Rue Odette Pain;B 197 249 250;;Livré;18/04/2019;2019;18/12/2019;2019;2022;3;;198;198;0;;198;;;;0;0;0;;;0;;;;;0;;;;;;;0;;;0;;6;14;30;15;0;133;;;;;;;;;;;N Chopin DHRU;ANRU Sitadel2;févr-23
Bondy;;Diffus;;;;CN;NC;Non;NC;;NC;NC;NC;NC;PC individuels (1 logement) livraisons 2022;;;;;PC individuels (1 logement) livraisons 2022;;;Livré;;2020;;2021;2022;2;;3;3;0;;3;;;;;;;;;;;;;;0;;;;;;;;;;;;NC;NC;NC;NC;NC;3;;;;;;;;;;A partir des livraisons 2019 les PC individuels correspondent à la somme des PC de 1 logement dont les travaux ont démarré l'année n-1;N Chopin DHRU;Sitadel2;mai-23
Bondy;09301017B0063;Secteur aménagé;PRU1;PRU 1 Bondy;;CN;De Lattre;Non;CIN Plaine de l'Ourcq;Abreuvoir Bondy Nord Centre Pont de Bondy Sablière Secteur Sud;Oui;Non;Oui;Non;Realites Promotion;Association Foncière Logement;;VEFA;Lot S1 et S2;Rue des Frères Darty - avenue du Maréchal de Lattre de Tassigny;P 129;;Livré;09/02/2018;2018;06/07/2018;2018;2022;4;;25;25;0;;0;;;;0;0;25;;25;0;;;;;0;;;;;;;0;;;0;;7;11;5;2;0;0;;;;;;;;;;PRU1 / livré (DAACT nov 22);N Chopin DHRU;Ville ANRU Sitadel2;sept.-23
Bondy;09301020B0059;Secteur aménagé;ZAC;ZAC des Rives de l'Ourcq;Séquano;CN;Secteur Centre;Non;CIN Plaine de l'Ourcq;;Non;Oui;Non;Non;Sequano Résidentiel;ICF Habitat La Sablière;;VEFA;Lot C9b;1-3 rue Aretha Franklin / 15 rue Nadia Murad;;;Livré;28/12/2020;2020;08/11/2021;2021;2023;3;C0663-31-0067 / 2022;68;68;0;;0;;;;0;0;0;;;68;;24;34;10;0;2020;;24;16;40;;0;;;0;;NC;NC;NC;NC;NC;68;;;;;;;;;?;création d'un lot LLS - NPNRU hors site - DAACT sept 23;S Sztrajt DHRU;DAD Sitadel2;janv-24
Bondy;09301018B0020;Diffus;;;;CN;Hors Site;Non;CIN Plaine de l'Ourcq;Blanqui;Oui;Non;Non;Non;Bouygues Immobilier;Est Ensemble Habitat;;MOD;Le Chêne Rond (foncier ADOMA);167-187 rue Edouard Vaillant;AN 13 / AN 204;;Livré;16/10/2018;2018;;2021;2023;5;C0663-31-0066 / 2022;92;92;0;;0;;;;33;0;0;;;59;;13;17;29;0;2020;;13;17;30;;0;;;0;;7;42;11;32;0;0;;;;;;;;;;NPNRU hors site - 59 LLS - 10 maisons de ville;N Chopin DHRU;Ville Sitadel2 DRIHL;févr-23
Bondy;09301018B0069;Diffus;;;;CN (+DEMOL);;Non;CIN Plaine de l'Ourcq;;Non;Non;Non;Non;Crédit Agricole Immobilier;IN LI;;;Cœur Abondy;2-10 chemin du Merlan - 16-24 avenue Jules Ferry;AU 14 100 112 113 144 145 164 165;;Livré;24/07/2019;2019;24/06/2020;2020;2023;4;;113;119;-6;;24;-6;;;0;0;95;;;0;;;;;0;2020;;;;;;0;;;0;;7;40;52;20;0;0;;;;;;;;;;LLI confirmé / livré DAACT jan 23;N Chopin DHRU;Opérateur Sitadel2 DRIHL;juin-23
Bondy;09301020B0052;Diffus;;;;CN;;Non;CIN Plaine de l'Ourcq;;Non;Non;Non;Non;;;;;;35 rue de Varsovie;BG 46;;Livré;12/11/2020;2020;25/01/2021;2021;2023;3;;5;5;0;;5;;;;0;0;0;;;0;;;;;0;;;;;;;0;;;0;;2;2;1;0;0;0;;;;;;;;;;a priori livré;N Chopin DHRU;Sitadel2 terrain;avr-24
Bondy;09301018B0025;Secteur aménagé;ZAC;ZAC des Rives de l'Ourcq;Séquano;CN;Secteur Centre;Non;CIN Plaine de l'Ourcq;;Non;Oui;Non;Non;Altarea Cogedim;CDC Habitat / Association Foncière Logement;;VEFA;Canal Horizon (Lot C8);5 rue Nadia Murad;H 364;;Livré;05/11/2018;2018;13/05/2020;2020;2023;5;;136;136;0;;115;;;;0;0;21;;21;0;;;;;0;;;;;;;0;;;56;LAC;9;41;51;29;6;0;;;720 €;;;;;;?;"AAP ""post-covid"" pour les LAC / VEFA 21 logements AL / DAACT avril 2023";N Chopin DHRU;Ville CDC habitat;janv-25
Bondy;09301021B0097;Diffus;;;;CN;;Non;CIN Plaine de l'Ourcq;;Non;Oui;Non;Non;;;;;;7 allée de Jardinière;D 93;;Livré;08/05/2022;2022;17/10/2022;2022;2023;1;;2;2;0;;2;;;;0;0;0;;;0;;;;;0;;;;;;;;;;;;0;2;0;0;0;0;;;;;;;;;;;N Chopin DHRU;Sitadel2;sept-23
Bondy;09301020B0044;Diffus;;;;CN;;Non;CIN Plaine de l'Ourcq;;Non;Non;Non;Non;;;;;;8 rue de l'Aviation;X 6 175;;Livré;29/06/2021;2021;16/05/2022;2022;2023;2;;8;9;-1;;9;-1;;;0;0;0;;;0;;;;;0;;;;;;;0;;;0;;1;7;1;0;0;0;;;;;;;;;;;N Chopin DHRU;Sitadel2;juil-23
Bondy;09301018B0070;Diffus;;;;CN;;Non;CIN Plaine de l'Ourcq;;Non;Non;Non;Non;Batiterre;IN LI;;;;9-15 rue des Cinq Ormes;V 21;;Livré;29/04/2019;2019;01/04/2021;2021;2023;4;;23;23;0;;0;;;;0;0;23;;;0;;;;;0;2021;;;;;;0;;;0;;NC;NC;NC;NC;NC;23;;;;;;;;;;a priori VEFA pour LLI / livré lors de la visite terrain avr 2024;N Chopin DHRU ;Sitadel2 DRIHL;avr-24
Bondy;09301019B0037;Secteur aménagé;NPNRU / AAP;NPNRU Bondy secteurs centre nord / AAP IMGP 1;;CN;Noue Caillet;Non;CIN Plaine de l'Ourcq;Abreuvoir Bondy Nord Centre Pont de Bondy Sablière Secteur Sud;Oui;Non;Oui;Oui;Pichet;CDC Habitat;;VEFA;Carré Nature  (IMGP 1);Avenue Léon Blum / Rue Odette Pain;B 235;;Livré;04/11/2019;2019;02/03/2020;2020;2023;4;;40;40;0;;0;;;;0;0;40;;;0;;;;;0;2020;;;;;;0;;;0;;0;17;15;8;0;0;;;;;;;;;;"AAP ""post-covid"" pour 40 LAC mais agréments 2020 pour 40 LLI - DAACT oct 2023";N Chopin DHRU;ANRU Sitadel2 CDC habitat DRIHL;janv-24
Bondy;09301019B0019;Secteur aménagé;PRU1 / AAP;PRU 1 Bondy / AAP IMGP 1;;CN;Noue Caillet;Non;CIN Plaine de l'Ourcq;Abreuvoir Bondy Nord Centre Pont de Bondy Sablière Secteur Sud;Oui;Non;Oui;Oui;I3F CLARM;;;MOD;Cap Nature;Avenue Suzanne Buisson - Rue Odette Pain;B 192 354 381;;Livré;19/09/2019;2019;30/07/2020;2020;2023;4;;39;39;0;;0;;;;39;0;0;;;0;;;;;0;;;;;;;0;;;0;;0;10;18;11;0;0;;;;;;;;;;livré printemps 2023;N Chopin DHRU;Ville promoteur;févr-23
Bondy;09301020B0069;Secteur aménagé;ZAC;ZAC des Rives de l'Ourcq;Séquano;CN;Secteur Centre;Non;CIN Plaine de l'Ourcq;;Non;Oui;Non;Non;Poly-Cités;CDC Habitat / IN LI;;VEFA;Les Terrasses du Canal (Lot C10);Chemin Latéral;;;Livré;05/03/2021;2021;29/10/2021;2021;2023;2;C0663-31-0073 / 2022;123;123;0;;54;;;;0;0;30;;;39;;24;15;0;0;2020;;24;0;24;;0;;;0;;6;38;27;10;3;39;;;572;;;;;;?;performance E3-C1 et label Bâtiment Biosourcé - accord RO SSDH / CDC habitat - livré déc 2023;S Sztrajt N Chopin O Larique DHRU;SEQUANO DAD ANRU DRIHL;janv.-24
Bondy;;Diffus;;;;CN;NC;Non;NC;;NC;NC;NC;NC;PC individuels (1 logement) livraisons 2023;;;;;PC individuels (1 logement) livraisons 2023;;;Livré;;2021;;2022;2023;2;;6;6;0;;6;;;;;;;;;;;;;;0;;;;;;;;;;;;NC;NC;NC;NC;NC;6;;;;;;;;;;A partir des livraisons 2019 les PC individuels correspondent à la somme des PC de 1 logement dont les travaux ont démarré l'année n-1;N Chopin DHRU;Sitadel2;mai-24
Bondy;09301018B0044;Secteur aménagé;ZAC;ZAC des Rives de l'Ourcq;Séquano;CN;Secteur Centre;Non;CIN Plaine de l'Ourcq;;Non;Oui;Non;Non;Bouygues Immobilier;I3F;;VEFA;Carré des Rives (Lot C11a);11-15 chemin Latéral / 11 rue Simone Veil;H 364;;Livré;01/06/2018;2018;;2021;2024;6;C0663-31-0002 / 2020;66;66;0;;26;;;;0;0;0;;;40;;10;24;6;0;2018 et 2020;;10;6;16;;0;;;0;;7;16;24;15;4;0;;;486;;;;;;245;Dépôt PC différent des données transmises par la Sequano : 25 acc et 40 LLS / NPNRU hors site;N Chopin DHRU;Ville OPCU EE;janv.-25
Bondy;09301017B0040;Diffus;;;;CN;;Non;CIN Plaine de l'Ourcq;;Non;Oui;Non;Non;Les Nouveaux Constructeurs / Delta Promotion;;;;Le Clos de L'Orme;142 avenue Henri Barbusse;Y 21;;Livré;20/02/2018;2018;;;2024;6;;49;49;0;;49;;;;0;0;0;;;0;;;;;0;;;;;;;0;;;0;;9;15;20;5;0;0;;;;;;;;;;livré;N Chopin DHRU;Ville promoteur;avr.-24
Bondy;09301021B0073;Diffus;;;;CN;;Non;CIN Plaine de l'Ourcq;;Non;Oui;Non;Non;;;;;;185 avenue de Rosny;AG 199;;Livré;11/02/2022;2022;01/09/2022;2022;2024;2;;3;3;0;;3;;;;0;0;0;;;0;;;;;0;;;;;;;;;;;;NC;NC;NC;NC;NC;3;;;;;;;;;;livré;N Chopin DHRU;Sitadel2 terrain;avr-25
Bondy;09301014B0057;Diffus;;;;CN;;Non;CIN Plaine de l'Ourcq;;Non;Oui;Non;Non;;;;;;20 rue Noémie;AB 19;;Livré;27/11/2014;2014;02/01/2016;2016;2024;10;;4;4;0;;4;;;;0;0;0;;;0;;;;;0;;;;;;;0;;;0;;0;4;0;0;0;0;;;;;;;;;;livré;N Chopin DHRU;Sitadel2 terrain;avr-25
Bondy;09301021B0037;Diffus;;;;CN;De Lattre;Non;CIN Plaine de l'Ourcq;Abreuvoir Bondy Nord Centre Pont de Bondy Sablière Secteur Sud;Oui;Non;Non;Non;Promogim;CDC Habitat;;VEFA;L'Ecrin;37-41 avenue de Lattre de Tassigny;0 5 6 50;;Livré;02/08/2021;2021;;;2024;3;;35;35;0;;0;;;;0;0;35;;;0;;;;;0;;;;;;;;;;;;1;9;14;10;1;0;;;;;;;;;;lancement commercial juin 2022 / pas de PC enregistré dans sitadel / chantier lancé / plan de soutien CDC habitat VEFA LLI;N Chopin DHRU;promoteur CDC habitat;janv-25
Bondy;09301015B0069;Secteur aménagé;ZAC;ZAC des Rives de l'Ourcq;Séquano;CN;Secteur Salins;Non;CIN Plaine de l'Ourcq;;Non;Oui;Non;Non;Spirit Immobilier / Euroequipements;Est Ensemble Habitat / CDC Habitat;;VEFA;Vue Canal (Lot S1a);4-28 route d'Aulnay;G 167;;Livré;18/06/2017;2017;11/07/2022;2022;2024;7;C0663-31-0070 / 2022;126;126;0;;67;;;;0;0;0;;;59;;28;31;0;0;2020;;28;31;59;;0;;;20;LAC;NC;NC;NC;NC;NC;126;;;;;;;;;;PRU 1 hors-site /  VEFA 20 logements CDC habitat LLI > LAC / livraison effective 1er trimestre 2024;S Sztrajt DHRU;Ville ANRU;janv.-25
Bondy;09301019B0008;Diffus;;;;CN;;Non;CIN Plaine de l'Ourcq;;Non;Oui;Non;Non;Les Nouveaux Constructeurs;Association Foncière Logement;;;Villa des Lauriers;51-55 rue Edouard Vaillant;AK 126 127 139 140 141;;Livré;08/08/2019;2019;08/04/2021;2021;2024;5;;83;87;-4;;0;-4;;;0;0;87;;87;0;;;;;0;;;;;;;0;;;0;;1;34;32;20;0;0;;;;;;;;;;presque achevé lors de la visite terrain avr 2024 / DAACT oct 2024 / VEFA 100% AL;N Chopin DHRU;Ville terrain;janv-26
Bondy;09301020B0036;Diffus;;;;CN;;Non;CIN Plaine de l'Ourcq;;Non;Oui;Non;Non;Les Nouveaux Constructeurs;Association Foncière Logement;;;;53 avenue Carnot / 29-31 rue Louis Auguste Blanqui;AC 7 36 37;;Livré;05/10/2020;2020;;2022;2024;4;;49;49;0;;0;;;;0;0;49;;49;0;;;;;0;;;;;;;0;;;0;;1;19;18;9;2;0;;;;;;;;;;livré lors de la visite terrain / 44 > 49 logts / VEFA 100% AL;N Chopin DHRU;Sitadel2 terrain;janv-26
Bondy;09301019B0030;Diffus;;;;CN;Hors Site;Non;CIN Plaine de l'Ourcq;;Non;Oui;Non;Non;Les Nouveaux Constructeurs;ICF Habitat La Sablière / Association Foncière Logement;;VEFA;projet hors site ICF VEFA Blanqui;56-62 avenue Carnot / 20-28 rue Louis Auguste Blanqui;AJ 63 225 226;;Livré;07/01/2020;2020;01/03/2021;2021;2024;4;C0663-31-0079 / 2022;91;95;-4;;10;-4;;;0;0;59;;59;26;;16;10;0;0;2020;;16;10;26;;0;;;0;;15;34;34;14;0;-2;;;;;;;;;;DAACT sept 2023 / VEFA 59 logts AL;N Chopin DHRU;Ville Sitadel2 EE ANRU;janv-26
Bondy;09301020B0056;Secteur aménagé;ZAC;ZAC des Rives de l'Ourcq;Séquano;CN;Secteur Centre;Non;CIN Plaine de l'Ourcq;;Non;Oui;Non;Non;Verrecchia;IN LI;;VEFA;Acquarello 1  (Lot C9a1);Chemin de Halage;;;Livré;12/01/2021;2021;02/02/2022;2022;2024;3;;65;65;0;;55;;;;0;0;10;;;0;;;;;0;;;;;;;0;;;0;;2;22;24;11;6;0;;;;;;;;;;"124 logts au programme de la ZAC pour le lot 9a décomposé en 3 PC disctincts - 40 LLI agréés en 2020 ""chemin de halage"" sur ce lot";N Chopin DHRU;Sequano DAD DRIHL;oct.-24
Bondy;09301020B0057;Secteur aménagé;ZAC;ZAC des Rives de l'Ourcq;Séquano;CN;Secteur Centre;Non;CIN Plaine de l'Ourcq;;Non;Oui;Non;Non;Verrecchia;IN LI;;;Acquarello 2 (Lot C9a2);Chemin de Halage;;;Livré;15/01/2021;2021;02/02/2022;2022;2024;3;;30;30;0;;0;;;;0;0;30;;;0;;;;;0;;;;;;;0;;;0;;4;6;9;11;0;0;;;;;;;;;;"124 logts au programme de la ZAC pour le lot 9a décomposé en 3 PC disctincts - 40 LLI agréés en 2020 ""chemin de halage"" sur ce lot";N Chopin DHRU;Sequano DAD DRIHL;oct.-24
Bondy;09301020B0058;Secteur aménagé;ZAC;ZAC des Rives de l'Ourcq;Séquano;CN;Secteur Centre;Non;CIN Plaine de l'Ourcq;;Non;Oui;Non;Non;Verrecchia;;;;Acquarello 3 (Lot C9a3);Chemin de Halage;;;Livré;15/01/2021;2021;02/02/2022;2022;2024;3;;29;29;0;;29;;;;0;0;0;;;0;;;;;0;;;;;;;0;;;0;;4;6;7;11;1;0;;;;;;;;;;"124 logts au programme de la ZAC pour le lot 9a décomposé en 3 PC disctincts - 40 LLI agréés en 2020 ""chemin de halage"" sur ce lot";N Chopin DHRU;Sequano DAD DRIHL;oct.-24
Bondy;;Diffus;;;;CN;NC;Non;NC;;NC;NC;NC;NC;PC individuels (1 logement) livraisons 2024;;;;;PC individuels (1 logement) livraisons 2024;;;Livré;;2022;;2023;2024;2;;1;1;0;;1;;;;0;0;0;;;0;;;;;0;;;;;;;;;;;;NC;NC;NC;NC;NC;1;;;;;;;;;;A partir des livraisons 2019 les PC individuels correspondent à la somme des PC de 1 logement dont les travaux ont démarré l'année n-1;N Chopin DHRU;Sitadel2;mai-25
Bondy;09301021B0078;Diffus;;;;CN;;Non;CIN Plaine de l'Ourcq;;Non;Non;Non;Non;Groupe S.A. Promotion;;;;Les Terrasses Lakhel;1 allée des Hetres;AV 140;;En chantier;26/01/2022;2022;15/05/2023;2023;2025;3;;15;15;0;;15;;;;0;0;0;;;0;;;;;0;;;;;;;;;;;;1;7;4;3;0;0;;;;;;;;;;livraison prévisionnelle 1erT 2025 - immeuble finalisé, reste extérieurs (BM);N Chopin DHRU;Sitadel2 promoteur;déc-24
Bondy;09301016B0069;Diffus;;;;CN;Noue Caillet;Non;CIN Plaine de l'Ourcq;;Non;Oui;Oui;Non;Les Deux Chenes;Seqens;;;Le Bosquet;1 rue de Versailles - Avenue Henri Vagnat;A 190;;PC accordé;11/09/2017;2017;;;NC;;;19;19;0;;0;;;;0;0;19;;;0;;;;;0;2021;;;;;;0;;;0;;NC;NC;NC;NC;NC;19;;;;;;;;;;agrément LLI en 2021  mais probable commercialisation en accession (à confirmer) / possible abandon (aucun changement depuis 24 mois (BM));N Chopin DHRU;Sitadel2 DRIHL;avr.-24
Bondy;09301024B0022;Diffus;;;;AA-T;Hors Site;Non;CIN Plaine de l'Ourcq;;Non;Oui;Non;Non;;Est Ensemble Habitat;;MOD;;1 rue Jean Jaurès;AE 209;;PC accordé;01/08/2024;2024;;;2027;3;C0663-31-Projet av2026;-6;14;-20;;0;;;;0;0;0;-20;;14;;7;4;3;0;2024;;7;4;11;;0;;;0;;0;8;6;0;0;0;;;;;;;;;;restructuration d'un immeuble de 20 LLI acquis en 2014 avec conventionnement APL / RO contractualisation pour 2024 travaux non commencés (BM);N Chopin DHRU;Est Ensemble Habitat Sitadel2;janv-26
Bondy;09301022B0069;Secteur aménagé;NPNRU;NPNRU Bondy secteurs centre nord;;CN;Les Merisiers;Non;CIN Plaine de l'Ourcq;Abreuvoir Bondy Nord Centre Pont de Bondy Sablière Secteur Sud;Oui;Non;Oui;Oui;I3F CLARM;;;;Hanami / Aurore;10 avenue Marx Dormoy;F 108;;En chantier;29/03/2023;2023;30/09/2025;;2027;4;;85;85;0;;0;;;;0;85;0;;;0;;;;;0;;;;;;;0;;;0;;2;30;28;24;1;0;;;;;;;;;;acc soc  / lancement ventes juillet 2023 / progr à préciser;N Chopin DHRU;Est Ensemble Sitadel2;déc-25
Bondy;09301021B0060;Diffus;;;;CN (+ DEMOL);;Non;CIN Plaine de l'Ourcq;Blanqui;Oui;Non;Non;Oui;Icade;;;;Les Jardins de Beauvoir;103-113 rue Edouard Vaillant;AM 34 35 36 103 104 113 114;;Livré;28/10/2021;2021;07/10/2022;2022;2025;4;;50;56;-6;;56;-6;;;0;0;0;;;0;;;;;0;;;;;;;0;;;0;;7;14;17;15;2;1;;;;;;;;;;démolition de 6 pavillons / hors projet PRU;N Chopin DHRU;Est Ensemble;juil-25
Bondy;09301021B0106;Diffus;;;;CN;;Non;CIN Plaine de l'Ourcq;;Non;Oui;Non;Non;;;;;;113 avenue Henri Barbusse;V 24;;En chantier;17/06/2022;2022;14/08/2023;2023;2025;3;;2;2;0;;2;;;;0;0;0;;;0;;;;;0;;;;;;;;;;;;0;2;0;0;0;0;;;;;;;;;;rien de visible / achèvement non déclaré;N Chopin DHRU;Sitadel2 terrain;avr-25
Bondy;;Secteur aménagé;NPNRU;NPNRU Blanqui;;CN;;Non;CIN Plaine de l'Ourcq;Blanqui;Oui;Non;Non;Oui;;Est Ensemble Habitat;;MOD;;119 bis rue Edouard Vaillant;AM 32;;En projet;;NC;;;2026;;;15;15;0;;0;;;;15;0;0;;;0;;;;;0;;;;;;;0;;;0;;NC;NC;NC;NC;NC;15;;;;;;;;;;projet initial de 11 maisons groupées abandonné (PC 09301016B0065) / étude de faisabilité en cours prog à préciser;N Chopin DHRU;Sitadel2 Est Ensemble;nov-24
Bondy;09301023B0041;Diffus;;;;CN;;Non;CIN Plaine de l'Ourcq;;Non;Oui;Non;Non;;;;;;12 rue de l'Union;AM 16;;PC accordé;23/11/2023;2023;;;2026;3;;2;2;0;;2;;;;0;0;0;;;0;;;;;0;;;;;;;;;;;;0;0;2;0;0;0;;;;;;;;;;;N Chopin DHRU;Sitadel2;sept-23
Bondy;;Diffus;;;;CN;;Non;CIN Plaine de l'Ourcq;Blanqui;Oui;Non;Non;Non;Cap House;;;;;121 rue Edouard Vaillant;AM 40;;PC accordé;30/11/2025;2025;;;2028;3;;2;2;0;;2;;;;0;0;0;;;0;;;;;0;;;;;;;;;;;;0;2;0;0;0;0;;;;;;;;;;;N Chopin DHRU;Sitadel2;janv.-26
Bondy;PD 09301024B0005;Secteur aménagé;NPNRU;NPNRU Blanqui;Séquano;DEMOL;;Non;CIN Plaine de l'Ourcq;Blanqui;Oui;Non;Non;Oui;;Est Ensemble Habitat;;MOD;Démolition bat A;128-132 bis rue Louis Auguste Blanqui;;;PC accordé;24/09/2024;2024;;;2029;5;Pré-conventionné;-59;0;-59;;;;;;;;;;;;-59;;;;-59;;;;;;;;;;;;;;;;;0;;;;;;;;;;Erreur ds la synthèse annualisée des opé (59 LLS et non 128);N Chopin DHRU;CE nov 2024 Est Ensemble;nov-24
Bondy;;Secteur aménagé;NPNRU;NPNRU Blanqui;Séquano;CN;;Non;CIN Plaine de l'Ourcq;Blanqui;Oui;Non;Non;Oui;;Est Ensemble Habitat;;;Lot 5;128bis Rue Louis Auguste Blanqui;;;En projet;;NC;;;2031;;;90;90;0;;0;;;;0;0;0;;;90;;43;42;5;0;2023;;43;42;85;;;;;;;;;;;;90;;;;;;;;;;ventilation 131 logts RO EEH;N Chopin DHRU;CE juin 2025 Est Ensemble;juin-25
Bondy;;Diffus;;;;CN;;Non;CIN Plaine de l'Ourcq;;Non;Oui;Non;Non;;;;;Darty;129-139 avenue Gallieni;K105 107;;En projet;;NC;;;NC;;;350;350;0;250;;;;;;;;;;100;;;;;100;;;;;;;;;;;;;;;;;350;;;;;;;;;;projet axe Gallieni  / à préciser;N Chopin DHRU;DAD Est Ensemble;mars-23
Bondy;PD 09301023B0008;Secteur aménagé;NPNRU;NPNRU Marnaudes La Sablière;SPL Ensemble;DEMOL;;Non;CIN Plaine de l'Ourcq;Marnaudes - Fosses aux Bergers -La Sablière;Oui;Non;Non;Oui;;ICF Habitat La Sablière;;MOD;Démolition barre D;132-138 Route de Villemomble;BC 75;;Livré;08/01/2024;2024;;;2025;1;Pré-conventionné;-88;0;-88;;;;;;;;;;;;-88;;;;-88;;;;;;;;;;;;;;;;;0;;;;;;;;;;déconstruction lancée fin juin 2025;N CHOPIN DHRU;CE nov 2022 Est Ensemble Sitadel2;janv.-26
Bondy;09301022B0072;Diffus;;;;CN;;Non;CIN Plaine de l'Ourcq;Abreuvoir Bondy Nord Centre Pont de Bondy Sablière Secteur Sud;Oui;Oui;Non;Non;;;;;;14 rue Lucien Chapelain;F 188 189;;En chantier;06/03/2023;2023;19/02/2026;2026;2027;4;;2;2;0;;2;;;;0;0;0;;;0;;;;;0;;;;;;;0;;;0;;0;0;0;2;0;0;;;;;;;;;;;N Chopin DHRU;Sitadel2;avr-26
Bondy;0930102200041;Diffus;;;;CN;;Non;CIN Plaine de l'Ourcq;;Non;Non;Non;Non;;;;;;15 avenue des Platanes;AV 73;;En chantier;01/09/2022;2022;04/09/2023;2023;2025;3;;2;3;-1;;3;-1;;;0;0;0;;;0;;;;;0;;;;;;;;;;;;0;1;1;1;0;0;;;;;;;;;;en chantier lors de la visite terrain;N Chopin DHRU;Sitadel2 terrain;avr-25
Bondy;09301024B0064;Secteur aménagé;NPNRU;NPNRU Bondy secteurs centre nord;;CN;Les Merisiers;Non;CIN Plaine de l'Ourcq;Abreuvoir Bondy Nord Centre Pont de Bondy Sablière Secteur Sud;Oui;Non;Oui;Oui;Greencity;Association Foncière Logement;;;Foncier Les Merisiers;1-5 Rue Athur Groussier;F 108;;En chantier;02/03/2025;2025;09/07/2025;2025;2027;2;;26;26;0;;0;;;;0;0;26;;26;0;;;;;0;;;;;;;0;;;0;;1;6;11;7;1;0;;;;;;;;;;LLI Action Logement;N Chopin DHRU;Est Ensemble L Marty;oct-25
Bondy;;Diffus;;;;CN;Gallieni Gâtine Guesde;Non;CIN Plaine de l'Ourcq;Abreuvoir Bondy Nord Centre Pont de Bondy Sablière Secteur Sud;Oui;Non;Non;Non;;;;;Ilôt Gâtine;15-17 rue Gâtine;J 4 5 144 310 312;;En projet;;NC;;;2026;;C0663-31-Potentiel post2026;95;95;0;;65;;;;0;0;0;;;30;;NC;NC;NC;30;NC;;;;;;0;;;0;;;;;;;95;;;;;;;;;;acq. foncière  en cours EPFIF / prog à préciser;N Chopin DHRU;EPFIF;janv-24
Bondy;09301021B0102;Diffus;;;;CN;;Non;CIN Plaine de l'Ourcq;;Non;Non;Non;Non;Les Nouveaux Constructeurs;;;;Les Jardins de Sélène;15-25 avenue Jules Ferry;AU 20 22 23;;PC accordé;19/09/2022;2022;;;2027;5;;124;136;-12;;136;-12;;;0;0;0;;;0;;;;;0;;;;;;;0;;;;;4;48;43;38;3;0;;;;;;;;;;12 pavillons démolis;N Chopin DHRU;Sitadel2 promoteur;déc-22
Bondy;PD 09301023B0010;Secteur aménagé;NPNRU;NPNRU Marnaudes La Sablière;SPL Ensemble;DEMOL;;Non;CIN Plaine de l'Ourcq;Marnaudes - Fosses aux Bergers -La Sablière;Oui;Non;Non;Oui;;ICF Habitat La Sablière;;MOD;Démolition barre A;156-168 Route de Villemomble;BC 75;;PC accordé;08/01/2024;2024;;;2027;3;Pré-conventionné;-150;0;-150;;;;;;;;;;;;-150;;;;-150;;;;;;;;;;;;;;;;;0;;;;;;;;;;permis de démolir à confirmer;N CHOPIN DHRU;CE nov 2022 Est Ensemble;nov.-24
Bondy;09301024B0058;Diffus;;;;CN;;Non;CIN Plaine de l'Ourcq;;;;;;;;;;;17 avenue des Mesarmes;G 119;;PC accordé;04/02/2025;2025;;;2027;2;;2;2;0;;2;;;;0;0;0;;;0;;;;;0;;;;;;;;;;;;0;1;0;1;0;0;;;;;;;;;;;N Chopin DHRU;Sitadel2;mars-25
Bondy;;Diffus;;;;CN;;Non;CIN Plaine de l'Ourcq;;Non;Oui;Non;Non;Les Nouveaux Constructeurs;NC;;;Top office;172-174 avenue Gallieni;N 6 7 30 31;;En projet;;NC;;;2026;;;130;130;0;;104;;;;0;0;0;;;26;;NC;NC;NC;26;NC;;;;;;;;;;;30;;;;;100;;;;;;;;;;projet axe Gallieni  / foncier acquis par LNC;N Chopin DHRU;DAD Est Ensemble;mars-23
Bondy;DP 09301023B0175;Diffus;;;;CN;;Non;CIN Plaine de l'Ourcq;;Non;Oui;Non;Non;;;;;;18 avenue Marguerite;K 54;;PC accordé;29/11/2023;2023;;;2026;3;;2;2;0;;2;;;;0;0;0;;;0;;;;;0;;;;;;;;;;;;NC;NC;NC;NC;NC;2;;;;;;;;;;;N Chopin DHRU;Sitadel2;sept-23
Bondy;09301022B0016 / PD 09301021B0008;Diffus;;;;CN;;Non;CIN Plaine de l'Ourcq;;Non;Oui;Non;Non;Kaufman & Broad / Apilogis;;La Coop Foncière Francilienne;;;18-26 rue Borel / 11-15 rue Laug;L 90 92 94 108 110 112 135 136;;PC accordé;11/07/2022;2022;;;2026;4;;70;79;-9;;49;-9;30;;0;0;0;;;0;;;;;0;;;;;;;0;;;0;;6;23;24;24;2;0;;;;;;;;;;démolition de 9 pavillons / opération suspendue réactivée en 2024 / a priori 30 BRS à confirmer;N Chopin DHRU;Sitadel2 ville;oct-24
Bondy;09301022B0057;Diffus;;;;CN;;Non;CIN Plaine de l'Ourcq;;Non;Oui;Non;Non;;;;;;19 allée de la Villa Jeannette;AN 55;;En chantier;21/10/2022;2022;;;2025;3;;-1;1;-2;;1;-2;;;0;0;0;;;0;;;;;0;;;;;;;;;;;;0;0;0;0;1;0;;;;;;;;;;presque achevé lors de la visite terrain avr 2025;N Chopin DHRU;Sitadel2 terrain;avr-25
Bondy;09301023B0061;Diffus;;;;CN;;Non;CIN Plaine de l'Ourcq;;Non;Oui;Non;Non;;;;;;196 avenue de Rosny;AG 146;;En chantier;05/04/2024;2024;15/01/2026;2026;2027;3;;2;2;0;;2;;;;0;0;0;;;0;;;;;0;;;;;;;;;;;;0;2;0;0;0;0;;;;;;;;;;;N Chopin DHRU;Sitadel2;avr-26
Bondy;;Diffus;;;;CN;;Non;CIN Plaine de l'Ourcq;;Non;Oui;Non;Non;;Seqens;ADOMA;MOD;Desserement FTM Ourcq;199-205 avenue de Rosny;;;En projet;;NC;;;2027;;;111;111;0;;;;;;;;;;;111;;111;0;0;0;2021;;;;;;111;111;Résidence sociale;;;NC;NC;NC;NC;NC;111;;;;;;;;;;traitement de l'ex-FTM Ourcq / à priori plus de faisabilité sur ce site (info DRIHL);N Chopin DHRU;DRIHL;janv-22
Bondy;;Diffus;;;;CN;;Non;CIN Plaine de l'Ourcq;;Non;Non;Non;Non;;;;;;20 avenue de Belfort;BF 103;;PC accordé;07/07/2025;2025;;;2028;3;;5;5;0;;5;;;;0;0;0;;;0;;;;;0;;;;;;;;;;;;0;4;1;0;0;0;;;;;;;;;;;N Chopin DHRU;Sitadel2;avr-26
Bondy;09301025B0036;Diffus;;;;CN;;Non;CIN Plaine de l'Ourcq;;Non;Oui;Non;Non;;;;;;200 avenue de Rosny;AG 144;;En chantier;23/12/2025;2025;24/02/2026;2026;2028;3;;3;3;0;;3;;;;0;0;0;;;0;;;;;0;;;;;;;;;;;;0;3;0;0;0;0;;;;;;;;;;;N Chopin DHRU;Sitadel2;avr.-26
Bondy;09301024B0020;Diffus;;;;CN;;Non;CIN Plaine de l'Ourcq;;Non;Non;Non;Non;;;;;;21 Rue de Tremeuge;AY 157;;En chantier;07/10/2024;2024;20/11/2024;2024;2026;2;;2;2;0;;2;;;;0;0;0;;;0;;;;;0;;;;;;;;;;;;0;0;2;0;0;0;;;;;;;;;;;N Chopin DHRU;Sitadel2;janv-25
Bondy;PD 09301024B0005;Secteur aménagé;NPNRU;NPNRU Blanqui;Séquano;DEMOL;;Non;CIN Plaine de l'Ourcq;Blanqui;Oui;Non;Non;Oui;;Est Ensemble Habitat;;MOD;Démolition bat D;2-12 rue Simone de Beauvoir;;;PC accordé;24/09/2024;2024;;2028;2030;6;Pré-conventionné;-59;0;-59;;;;;;;;;;;;-59;;;;-59;;;;;;;;;;;;;;;;;0;;;;;;;;;;;N Chopin DHRU;CE nov 2024 Est Ensemble;nov-24
Bondy;09301019B0053;Diffus;;;;CN;;Non;CIN Plaine de l'Ourcq;;Non;Non;Non;Non;;;;;;23 chemin de la Mare à la Veuve;BF 16;;Livré;13/02/2020;2020;15/09/2022;2022;2025;5;;3;3;0;;3;;;;0;0;0;;;0;;;;;0;;;;;;;0;;;0;;NC;NC;NC;NC;NC;3;;;;;;;;;;en chantier lors de la visite terrain;N Chopin DHRU;Ville terrain;avr-25
Bondy;;Diffus;;;;AA-T;;Non;CIN Plaine de l'Ourcq;;Non;Non;Non;Non;SIFAE;;;;;247 avenue Edouard Vaillant;;;En projet;;NC;;;NC;;C0663-31-Potentiel post2026;1;2;-1;;0;-1;;;0;0;0;;;2;;0;0;2;0;NC;;;;;;;;;;;;;;;;2;;;;;;;;;;projet SIFAE rénovation d'un pavillon en 2 logements LLS ou LLI;N Chopin DHRU;Est Ensemble ville;sept-24
Bondy;09301020B0048;Diffus;;;;CN;Hors Site;Non;CIN Plaine de l'Ourcq;;Non;Oui;Non;Non;;Vilogia;;MOD;;25 rue Fontaine;F 155;;En chantier;09/11/2020;2020;;2024;2026;6;C0663-31-0057 / 2022;9;9;0;;0;;;;0;0;0;;;9;;2;6;1;0;2021;;2;0;2;;0;;;0;;NC;NC;NC;NC;NC;9;;;;;;;;;;restructuration lourde + surélévation pour créer des logements / chantier en cours lors de la visite terrain;N Chopin DHRU;Sitadel2 DRIHL terrain;avr-25
Bondy;PD 09301024B0005;Secteur aménagé;NPNRU;NPNRU Blanqui;Séquano;DEMOL;;Non;CIN Plaine de l'Ourcq;Blanqui;Oui;Non;Non;Oui;;Est Ensemble Habitat;;MOD;Démolition bat C;2-6 rue Martin Luther King;;;PC accordé;24/09/2024;2024;;;2027;3;Pré-conventionné;-128;0;-128;;;;;;;;;;;;-128;;;;-128;;;;;;;;;;;;;;;;;0;;;;;;;;;;;N Chopin DHRU;CE nov 2024 Est Ensemble;nov-24
Bondy;09301023B0038;Diffus;;;;CN;;Non;CIN Plaine de l'Ourcq;;Non;Oui;Non;Non;;;;;;26 rue Raoul;Y 82;;PC accordé;09/01/2024;2024;;;2026;2;;2;2;0;;2;;;;0;0;0;;;0;;;;;0;;;;;;;0;;;;;0;0;2;0;0;0;;;;;;;;;;;N Chopin DHRU;Sitadel2;févr-24
Bondy;;Diffus;;;;CN;;Non;CIN Plaine de l'Ourcq;;Non;Oui;Non;Non;Nexity / Care Promotion;Batigère;;;;26-30 avenue Carnot;AD 82 113;Ville;En projet;;NC;;;2029;;;150;150;0;;40;;;;0;0;20;;;90;;21;19;50;0;NC;;21;19;40;;;;;;;NC;NC;NC;NC;NC;150;;;;;;;;;;"garages municipaux / présenté comme un projet ""intergénérationnel"" / logement accompagné avec l'asso AMLI mais financement classique";N Chopin DHRU;ville;nov-25
Bondy;09301021B0071;Diffus;;;;CN;;Non;CIN Plaine de l'Ourcq;;Non;Oui;Non;Non;Helios;;;;;27 rue du Breuil;AE 28;;PC accordé;15/02/2022;2022;;;2026;4;;4;4;0;;4;;;;0;0;0;;;0;;;;;0;;;;;;;;;;;;0;2;1;1;0;0;;;;;;;;;;pas de  chantier visible lors de la visite terrain;N Chopin DHRU;Sitadel2 terrain;avr-25
Bondy;;Diffus;;;;AA-T;;Non;CIN Plaine de l'Ourcq;;Non;Oui;Non;Non;SIFAE;;;;;3 rue Phléas Collardeau;;;En projet;;NC;;;NC;;;1;2;-1;;2;-1;;;0;0;0;;;0;;;;;0;;;;;;;;;;;;;;;;;2;;;;;;;;;;projet SIFAE rénovation d'un pavillon en 2 logements;N CHOPIN DHRU;Est Ensemble ville;janv-24
Bondy;09301024B0057;Diffus;;;;CN (+DEMOL);;Non;CIN Plaine de l'Ourcq;Abreuvoir Bondy Nord Centre Pont de Bondy Sablière Secteur Sud;Oui;Non;Non;Non;Preference Home;;;;;30-44 rue Georges Elie;M 18 19 20 21 22 23 24 25;;PC accordé;07/04/2025;2025;;;2027;2;;41;48;-7;;48;-7;;;0;0;0;;;0;;;;;0;;;;;;;;;;;;11;5;17;14;1;0;;;;;;;;;;;N Chopin DHRU;Sitadel2;mai-25
Bondy;09301021B0055;Diffus;;;;CN;;Non;CIN Plaine de l'Ourcq;;Non;Oui;Non;Non;;I3F;;MOD;;36 rue Fontaine;F 86 87 88;;En chantier;10/12/2021;2021;16/09/2022;2022;2027;6;;14;15;-1;;0;-1;;;0;0;15;;;0;;;;;0;2020;;;;;;;;;;;2;4;5;3;1;0;;;;;;;;;;15 LLI agréés en 2020 / en chantier lors de la visite terrain;N Chopin DHRU;Sitadel2 terrain;avr-25
Bondy;09301019B0065;Secteur aménagé;PRU1 / AAP;PRU 1 Bondy / AAP IMGP 2;;CN;De Lattre;Non;CIN Plaine de l'Ourcq;Abreuvoir Bondy Nord Centre Pont de Bondy Sablière Secteur Sud;Oui;Non;Oui;Oui;Altarea Cogedim;IN LI;;VEFA;Fair Play IMGP 2 De Lattre;36-48 avenue du Maréchal de Lattre de Tassigny;P 159;;Livré;28/10/2020;2020;15/12/2022;2022;2025;5;;193;193;0;;66;;;;0;0;127;;;0;;;;;0;;;;;;;0;;;0;;22;72;63;28;8;0;;;;;;;;;;projet Fair IMGP / 127 LLI agréés en 2021 / modif 187 > 193 logements;N Chopin DHRU;Ville DRIHL terrain;oct-25
Bondy;09301025B0017;Diffus;;;;CN (+DEMOL);;Non;CIN Plaine de l'Ourcq;Abreuvoir Bondy Nord Centre Pont de Bondy Sablière Secteur Sud;Oui;Non;Non;Non;Eiffage immobilier;;;MOD;;3-7 avenue Pasteur / 45-49 avenue du Maréchal de Lattre Tassigny;O 2 8 57 65 73 79;;PC accordé;14/08/2025;2025;;;2028;3;;56;63;-7;;63;-7;;;0;0;0;;;0;;;;;0;;;;;;;0;;;0;;7;20;18;16;2;0;;;;;;;;;;;N Chopin DHRU;Sitadel2;oct.-25
Bondy;09301020B0080;Diffus;;;;CN;;Non;CIN Plaine de l'Ourcq;;Non;Oui;Non;Non;;;;;;3bis Avenue Denise;AS 215;;PC accordé;28/06/2021;2021;;;2026;5;;2;2;0;;2;;;;0;0;0;;;0;;;;;0;;;;;;;0;;;0;;NC;NC;NC;NC;NC;2;;;;;;;;;;aucun chantier probable abandon ou retrait;N Chopin DHRU;Sitadel2 terrain;avr-25
Bondy;09301022B0059;Diffus;;;;CN;;Non;CIN Plaine de l'Ourcq;;Non;Oui;Non;Non;;;;;;4 allée de la Paix;AN 103;;En chantier;21/12/2022;2022;18/11/2024;2024;2025;3;;1;2;-1;;2;-1;;;0;0;0;;;0;;;;;0;;;;;;;0;;;0;;NC;NC;NC;NC;NC;2;;;;;;;;;;;N Chopin DHRU;Sitadel2;janv-25
Bondy;09301021B0059;Diffus;;;;CN;;Non;CIN Plaine de l'Ourcq;;Non;Non;Non;Non;Département Seine-Saint-Denis;;;;Collège Henri Sellier;4 rue des Cinq Ormes;V 107;;PC accordé;28/02/2022;2022;;;2026;4;;3;3;0;;3;;;;0;0;0;;;0;;;;;0;;;;;;;;;;;;0;0;0;2;1;0;;;;;;;;;;logements de fonction;N Chopin DHRU;Sitadel2;sept-24
Bondy;09301022B0037;Diffus;;;;CN;;Non;CIN Plaine de l'Ourcq;;Non;Non;Non;Non;;;;;;42 rue Etienne Dolet;BH 44;;En chantier;29/09/2022;2022;;2023;2025;3;;1;2;-1;;2;-1;;;0;0;0;;;0;;;;;0;;;;;;;;;;;;0;0;0;1;1;0;;;;;;;;;;;N Chopin DHRU;Sitadel2;déc-22
Bondy;PD 09301024B0002 / PD 09301024B0004;Diffus;;;;DEMOL;;Non;CIN Plaine de l'Ourcq;;Non;Non;Non;Non;Société du Grand Paris;;;;Démolition 3 gare de Bondy;4-4bis rue Etienne Dolet ;AU 58 103;;Livré;25/07/2024;2024;;;2025;1;;-2;0;-2;;;-2;;;0;0;0;;;0;;;;;0;;;;;;;;;;;;NC;NC;NC;NC;NC;0;;;;;;;;;;expropriations réalisées fin 2024 / site d'entreposage déblais projet gare de Bondy / démoli malgré l'annulation de l'arrêté de cessibilité;N Chopin DHRU;Sitadel2;janv-25
Bondy;09301016B0056;Diffus;;;;CN;;Non;CIN Plaine de l'Ourcq;;Non;Oui;Non;Non;Adamia;;;;Le Petit Château;48 rue Edouard Vaillant;AS 64;;En chantier;07/04/2017;2017;;2018;2025;8;;17;17;0;;17;;;;0;0;0;;;0;;;;;0;;;;;;;0;;;0;;0;7;6;1;1;2;;;;;;;;;;programme cédé par Habitat de France au promoteur lyonnais Adamia (a priori peu scrupuleux) modificatif 15 > 17 logements / nombreuses procédure judiciaires en cours (MOE, promoteur);N Chopin DHRU;Sitadel2 promoteur;janv.-25
Bondy;09301019B0047;Diffus;;;;CN;;Non;CIN Plaine de l'Ourcq;;Non;Non;Non;Non;;;;;;5 rue du Potager;AG 85;;En chantier;23/10/2019;2019;25/02/2022;2022;2025;6;;13;13;0;;13;;;;0;0;0;;;0;;;;;0;;;;;;;0;;;0;;NC;NC;NC;NC;NC;13;;;;;;;;;;tj en chantier lors de la visite terrain avr 2025;N Chopin DHRU;Sitadel2 terrain;avr-25
Bondy;09301023B0010;Diffus;;;;CN;;Non;CIN Plaine de l'Ourcq;;Non;Oui;Non;Non;SCI Eylul;;;;;54 rue de Meaux;A 99;;Livré;25/05/2023;2023;24/07/2023;2023;2025;2;;2;2;0;;2;;;;0;0;0;;;0;;;;;0;;;;;;;;;;;;0;0;2;0;0;0;;;;;;;;;;livré;N Chopin DHRU;Sitadel2 terrain;mai-25
Bondy;;Diffus;;;;CN;;Non;CIN Plaine de l'Ourcq;Abreuvoir Bondy Nord Centre Pont de Bondy Sablière Secteur Sud;Oui;Non;Non;Non;;ADOMA;ADOMA;MOD;Restructuration FTM Ourcq;58 route d'Aulnay;;;En projet;;NC;;;2027;;;106;106;0;;;;;;;;;;;106;;106;0;0;0;2021;;;;;;106;106;Résidence sociale;;;NC;NC;NC;NC;NC;106;;;;;;;;;;traitement de l'ex-FTM Ourcq / création logements autonomes/ à préciser;N Chopin DHRU;DRIHL;janv-22
Bondy;;Diffus;;;;DEMOL;;Non;CIN Plaine de l'Ourcq;Abreuvoir Bondy Nord Centre Pont de Bondy Sablière Secteur Sud;Oui;Non;Non;Non;;ADOMA;ADOMA;MOD;Restructuration FTM Ourcq;58 route d'Aulnay;;;En projet;;NC;;;2027;;;-228;0;-228;;;;;;;;;;;;-228;NC;NC;NC;-228;;;;;;;-228;-228;ex-FTM;;;NC;NC;NC;NC;NC;0;;;;;;;;;;traitement de l'ex-FTM Ourcq / suppression pour restructuration/ à préciser;N Chopin DHRU;DRIHL;janv-22
Bondy;PD 09301022B0007;Diffus;;;;DEMOL;;Non;CIN Plaine de l'Ourcq;;Non;Non;Non;Non;Société du Grand Paris;;;;Démolition 2 gare de Bondy;6 rue Etienne Dolet / 2 Route de Villemomble;AU 104 57;;Livré;26/10/2022;2022;;;2025;3;;-5;0;-5;;;-5;;;0;0;0;;;0;;;;;0;;;;;;;;;;;;NC;NC;NC;NC;NC;0;;;;;;;;;;expropriations réalisées fin 2024 / site d'entreposage déblais projet gare de Bondy / démoli malgré l'annulation de l'arrêté de cessibilité;N Chopin DHRU;Sitadel2;janv-25
Bondy;;Diffus;;;;CN;Gallieni Gâtine Guesde;Non;CIN Plaine de l'Ourcq;Abreuvoir Bondy Nord Centre Pont de Bondy Sablière Secteur Sud;Oui;Non;Non;Non;Les Nouveaux Constructeurs / Babel Promotion;;;;;60-70 avenue Gallieni;J 18 298;;En projet;;NC;;;NC;;C0663-31-Potentiel post2026;273;273;0;;148;;;;0;0;75;;;50;;NC;NC;NC;50;NC;;;;;;0;;;0;;8;117;116;32;0;0;;;;;;;;;;prog à préciser hypothèse mixte LLI LLS;N Chopin DHRU;Ville Denis Bernard;janv-24
Bondy;09301021B0011;Diffus;;;;CN;Hors Site;Non;CIN Plaine de l'Ourcq;;Non;Non;Non;Non;Groupe Gambetta;Seqens;;VEFA;;6-10 avenue Jules Ferry;AU 9;;En chantier;02/12/2021;2021;13/07/2022;2022;2025;4;C0663-31-0151 / 2023;80;83;-3;;0;-3;;;0;0;57;;;26;;6;16;4;0;2021;;6;0;6;;0;;;0;;2;32;31;18;0;0;;;;;;;;;;LLI à confirmer (acquéreur) / en chantier lors de la visite terrain;N Chopin DHRU;Sitadel2 DRIHL terrain;avr-25
Bondy;09301019B0075;Diffus;;;;CN;;Non;CIN Plaine de l'Ourcq;;Non;Oui;Non;Non;;;;;;7 allée Racine;AO 133;;En chantier;25/05/2020;2020;;2021;2025;5;;3;3;0;;3;;;;0;0;0;;;0;;;;;0;;;;;;;0;;;0;;NC;NC;NC;NC;NC;3;;;;;;;;;;chantier à l'arrêt;N Chopin DHRU;Sitadel2 terrain;avr-24
Bondy;PD 09301024B0005;Secteur aménagé;NPNRU;NPNRU Blanqui;Séquano;DEMOL;;Non;CIN Plaine de l'Ourcq;Blanqui;Oui;Non;Non;Oui;;Est Ensemble Habitat;;MOD;Démolition bat B;8-10 rue Martin Luther King;;;PC accordé;24/09/2024;2024;;;2026;2;Pré-conventionné;-85;0;-85;;;;;;;;;;;;-85;;;;-85;;;;;;;;;;;;;;;;;0;;;;;;;;;;;N Chopin DHRU;CE nov 2024 Est Ensemble;nov-24
Bondy;;Secteur aménagé;NPNRU;NPNRU Blanqui;Séquano;CN;;Non;CIN Plaine de l'Ourcq;Blanqui;Oui;Non;Non;Oui;;;;;Lot 8;8-10 rue Martin Luther King;;;En projet;;NC;;2028;2031;;;72;72;0;;72;;;;0;0;0;;;0;;;;;0;;;;;;;;;;;;;;;;;72;;;;;;;;;;actualisation plan guide avril 2025;N Chopin DHRU;CE juin 2025 Est Ensemble;juin-25
Bondy;;Diffus;;;;CN;Les Merisiers;Non;CIN Plaine de l'Ourcq;Abreuvoir Bondy Nord Centre Pont de Bondy Sablière Secteur Sud;Oui;Non;Oui;Oui;;Association Foncière Logement;;;Foncier CPAM;9-13 avenue Marx Dormoy;C 179;Publique;En projet;;NC;;;2027;;C0663-31-Potentiel post2026;73;73;0;;73;;;;0;0;0;;;0;;;;;0;;;;;;;0;;;0;;;;;;;73;;;;;;;;;;Réalisé hors NPNRU foncier ville;N Chopin DHRU;Ville ANRU;sept-19
Bondy;;Secteur aménagé;NPNRU;NPNRU Marnaudes La Sablière;SPL Ensemble;CN;;Non;CIN Plaine de l'Ourcq;Marnaudes - Fosses aux Bergers -La Sablière;Oui;Non;Non;Oui;;;;;Lot 4;Allee du Gros Buisson;;;En projet;;NC;;2027;2029;;;34;34;0;;0;;;;34;0;0;;;0;;;;;0;;;;;;;0;;;0;;;;;;;34;;;;;;;;;;;N Chopin DHRU;CE nov 2022 Est Ensemble;nov.-24
Bondy;;Secteur aménagé;NPNRU;NPNRU Marnaudes La Sablière;SPL Ensemble;CN;;Non;CIN Plaine de l'Ourcq;Marnaudes - Fosses aux Bergers -La Sablière;Oui;Non;Non;Oui;;;;;Lot 3;Allee du Gros Buisson;;;En projet;;NC;;2027;2029;;;71;71;0;;71;;;;0;0;0;;;0;;;;;0;;;;;;;0;;;0;;;;;;;71;;;;;;;;;;;N Chopin DHRU;CE nov 2022 Est Ensemble;nov.-24
Bondy;;Secteur aménagé;NPNRU;NPNRU Bondy secteurs centre nord;;REHAB LLS;De Lattre;Non;CIN Plaine de l'Ourcq;Abreuvoir Bondy Nord Centre Pont de Bondy Sablière Secteur Sud;Oui;Non;Oui;Oui;;Bondy Habitat;;MOD;Réhabilitation bat A1;Avenue de Lattre de Tassigny;;;En projet;;NC;;;2027;;Pré-conventionné;0;40;-40;;0;-40;;;0;0;0;;;40;;NC;NC;NC;40;;;;;;;;;;;;;;;;;40;;;;;;;;;;diffcultés potentiel RO abandon démolition pour une réhabilitation  / démarrage travaux T2 2026;N Chopin DHRU;COTECH RU déc 25;déc-25
Bondy;;Secteur aménagé;NPNRU;NPNRU Bondy secteurs centre nord;;CN;De Lattre;Non;CIN Plaine de l'Ourcq;Abreuvoir Bondy Nord Centre Pont de Bondy Sablière Secteur Sud;Oui;Non;Oui;Oui;;Est Ensemble Habitat;;MOD;Foncier bat A1;Avenue de Lattre de Tassigny;;;En projet;;NC;;;2027;;C0663-31-Potentiel post2026;60;60;0;;0;;;;20;0;0;;;40;;0;0;40;0;NC;;;;;;0;;;0;;;;;;;60;;;;;;;;;;;N Chopin DHRU;Ville ANRU;janv-21
Bondy;;Diffus;;;;CN;;Non;CIN Plaine de l'Ourcq;;Non;Oui;Non;Non;;IN LI;;MOD;;Avenue de Rosny;;;En projet;;NC;;;NC;;;100;100;0;;;;;;;;100;;;;;;;;0;;;;;;;;;;;;;;;;;100;;;;;;;;;;projet à confirmer;N Chopin DHRU;Ville Laurie LOISON;janv-22
Bondy;;Secteur aménagé;NPNRU;NPNRU Bondy secteurs centre nord;Résilience & Innovation;DEMOL;Noue Caillet;Non;CIN Plaine de l'Ourcq;Abreuvoir Bondy Nord Centre Pont de Bondy Sablière Secteur Sud;Oui;Non;Oui;Oui;;Seine-Saint-Denis Habitat;;MOD;Démolition bat J et K;Avenue Jean Moulin;;;En projet;;NC;;;2027;;Pré-conventionné;-40;0;-40;;;;;;;;;;;;-40;;;;-40;;;;;;;;;;;;;;;;;0;;;;;;;;;;démolition totale et non partielle;N Chopin DHRU;CE nov 2022;nov.-22
Bondy;;Secteur aménagé;NPNRU;NPNRU Bondy secteurs centre nord;Résilience & Innovation;DEMOL;Noue Caillet;Non;CIN Plaine de l'Ourcq;Abreuvoir Bondy Nord Centre Pont de Bondy Sablière Secteur Sud;Oui;Non;Oui;Oui;;Seine-Saint-Denis Habitat;;MOD;Démolition bat M;Avenue Jean Moulin;;;En projet;;NC;;;2027;;Pré-conventionné;-19;0;-19;;;;;;;;;;;;-19;;;;-19;;;;;;;;;;;;;;;;;0;;;;;;;;;;;N Chopin DHRU;CE nov 2022;nov.-22
Bondy;;Secteur aménagé;NPNRU;NPNRU Bondy secteurs centre nord;Résilience & Innovation;DEMOL;Noue Caillet;Non;CIN Plaine de l'Ourcq;Abreuvoir Bondy Nord Centre Pont de Bondy Sablière Secteur Sud;Oui;Non;Oui;Oui;;Seine-Saint-Denis Habitat;;MOD;Démolition bat L1 ;Avenue Jean Moulin;;;En projet;;NC;;;2029;;;-103;0;-103;;;;;;;;;;;;-103;;;;-103;;;;;;;;;;;;;;;;;0;;;;;;;;;;;N Chopin DHRU;CE nov 2022;nov.-22
Bondy;;Secteur aménagé;NPNRU;NPNRU Bondy secteurs centre nord;Résilience & Innovation;DEMOL;Noue Caillet;Non;CIN Plaine de l'Ourcq;Abreuvoir Bondy Nord Centre Pont de Bondy Sablière Secteur Sud;Oui;Non;Oui;Oui;;Seine-Saint-Denis Habitat;;MOD;Démolition bat L2;Avenue Jean Moulin;;;En projet;;NC;;;2030;;Pré-conventionné;-64;0;-64;;;;;;;;;;;;-64;;;;-64;;;;;;;;;;;;;;;;;0;;;;;;;;;;;N Chopin DHRU;CE nov 2022;nov.-22
Bondy;PD 09301022B0069;Secteur aménagé;NPNRU;NPNRU Bondy secteurs centre nord;;DEMOL;Les Merisiers;Non;CIN Plaine de l'Ourcq;Abreuvoir Bondy Nord Centre Pont de Bondy Sablière Secteur Sud;Oui;Non;Oui;Oui;;I3F;;MOD;Démolition les Merisiers;Avenue Marx Dormoy;F 108;;Livré;29/03/2023;2023;;;2025;2;Pré-conventionné;-132;0;-132;;;;;;;;;;;;-132;;;;-132;;;;;;;;;;;;;;;;;0;;;;;;;;;;a priori PC valant démolition;N Chopin DHRU;CE nov 2022;juil-23
Bondy;PD 09301023B0009;Secteur aménagé;ZAC;ZAC des Rives de l'Ourcq;Séquano;CN;Secteur Centre;Non;CIN Plaine de l'Ourcq;;Non;Oui;Non;Non;;;;;Lot C11b (et C7b);Chemin Latéral;H 90 91 92 93;;En projet;;NC;;;2028;;;28;30;-2;;30;-2;;;0;0;0;;;0;;;;;0;;;;;;;0;;;0;;NC;NC;NC;NC;NC;30;;;;;;;;;;2 maisons démolies / reprogrammation lots C11b C7b groupe scolaire 16 classes 3900m2 et 1890m2 SDP logements partie ouest (lot C11b) / prog estimée;N Chopin DHRU;Sequano DAD;oct.-24
Bondy;;Secteur aménagé;NPNRU;NPNRU Marnaudes La Sablière;SPL Ensemble;CN;;Non;CIN Plaine de l'Ourcq;Marnaudes - Fosses aux Bergers -La Sablière;Oui;Non;Non;Oui;;ICF Habitat La Sablière;;;Lot 1;Route de Villemomble;;;En projet;;NC;;2026;2028;;C0663-31-0108 / 2022;82;82;0;;0;;;;0;0;0;;;82;;33;49;0;0;2022;;33;49;82;;0;;;0;;;;;;;82;;;;;;;;;;reconstitution ANRU;N Chopin DHRU;CE nov 2022 Est Ensemble;nov.-24
Bondy;;Secteur aménagé;NPNRU;NPNRU Marnaudes La Sablière;SPL Ensemble;CN;;Non;CIN Plaine de l'Ourcq;Marnaudes - Fosses aux Bergers -La Sablière;Oui;Non;Non;Oui;;Association Foncière Logement;;;Lot 2;Route de Villemomble;;;En projet;;NC;;2027;2029;;;58;58;0;;0;;;;0;0;58;;;0;;;;;0;;;;;;;0;;;0;;;;;;;58;;;;;;;;;;;N Chopin DHRU;CE nov 2022 Est Ensemble;nov.-24
Bondy;;Secteur aménagé;NPNRU;NPNRU Marnaudes La Sablière;SPL Ensemble;DEMOL;;Non;CIN Plaine de l'Ourcq;Marnaudes - Fosses aux Bergers -La Sablière;Oui;Non;Non;Oui;;ICF Habitat La Sablière;;MOD;Démolition barre B;Route de Villemomble;;;En projet;;NC;;2028;2030;;Pré-conventionné;-108;0;-108;;;;;;;;;;;;-108;;;;-108;;;;;;;;;;;;;;;;;0;;;;;;;;;;planifié hors financement ANRU;N Chopin DHRU;CE nov 2022 Est Ensemble;nov.-24
Bondy;09301025B0049;Secteur aménagé;ZAC;ZAC des Rives de l'Ourcq;Séquano;CN;Secteur Centre;Non;CIN Plaine de l'Ourcq;;Non;Oui;Non;Non;Spirit Immobilier;;;;Lot A1;Rue Aretha Franklin;H 142;;PC accordé;17/02/2026;2026;;;2029;3;;49;49;0;;49;;;;0;0;0;;;0;;;;;0;;;;;;;0;;;0;;3;14;17;13;2;0;;;;;;;;;;reprogrammation suite audit / lot résiduel (ex lot A12) secteur Activités / 3000m2 SDP / cession foncière en cours / ambition résidence RE 2020 seuil 2028;N Chopin DHRU;Sequano DAD;avr.-26
Bondy;;Diffus;;;;CN;;Non;CIN Plaine de l'Ourcq;Abreuvoir Bondy Nord Centre Pont de Bondy Sablière Secteur Sud;Oui;Non;Non;Non;Icade / Immobel;;;;Site Hopital Jean Verdier;Rue Arthur Groussier;;;En projet;;NC;;;2032;;C0663-31-Potentiel post2026;200;200;0;;160;;;;;;;;;40;;NC;NC;NC;40;NC;;;;;;;;;;;;;;;;200;;;;;;;;;;projet de restructuration de l'hopital partiellement relocalisé sur un site Gallieni / route d'Aulnay / modif PLUi nécessaire / prog résidentielle à préciser;N Chopin O Larique DHRU;DAD Ville;janv-24
Bondy;PD 09301013B0012;Diffus;;;;DEMOL;;Non;CIN Plaine de l'Ourcq;;Non;Non;Non;Non;Société du Grand Paris;;;;Démolition 1 gare de Bondy;Rue de la Liberté;AV 189 202 231;;Livré;03/12/2013;2013;;;2025;12;;-39;0;-39;;;-39;;;;;;;;;;;;;0;;;;;;;;;;;;;;;;;0;;;;;;;;;;démolition immeubles résidentiels jouxtant le parking de la gare;N Chopin DHRU;société du Grand Paris;avr-26
Bondy;;Diffus;;;;CN;;Non;CIN Plaine de l'Ourcq;;Non;Non;Non;Non;Nexity;Est Ensemble Habitat;;VEFA;Jacques Prévert;Rue du Vieux Moulin / Rue du Sergent Bobillot;AT 178 191;Ville;En projet;;NC;;;2028;;C0663-31-Projet;75;75;0;;35;;;;0;0;0;;;40;;12;8;20;0;NC;;12;8;20;;;;;;;;;;;;75;;;;;;;;;;foncier ville / potentiel RO incertain;N Chopin DHRU;Est Ensemble Habitat;janv-26
Bondy;;Secteur aménagé;ZAC;ZAC des Rives de l'Ourcq;Séquano;CN;Secteur Centre;Non;CIN Plaine de l'Ourcq;;Non;Oui;Non;Non;;;;;Lot S1b;Rue Françoise Héritier;G 173;;En projet;;NC;;;2028;;;15;15;0;;15;;;;0;0;0;;;0;;;;;0;;;;;;;0;;;0;;NC;NC;NC;NC;NC;15;;;;;;;;;;reprogrammation suite audit / nouveau lot complémentaire à S1a suite abandon S2 (halle) / 1000m2 SDP / prog à préciser;N Chopin DHRU;Sequano DAD;oct.-24
Bondy;PD 09301024B0005;Secteur aménagé;NPNRU;NPNRU Blanqui;Séquano;DEMOL;;Non;CIN Plaine de l'Ourcq;Blanqui;Oui;Non;Non;Oui;;Est Ensemble Habitat;;MOD;Démolition bat E;Rue Henri Dunant;;;PC accordé;24/09/2024;2024;;;2029;5;;-40;0;-40;;;;;;;;;;;;-40;;;;-40;;;;;;;;;;;;;;;;;0;;;;;;;;;;;N Chopin DHRU;CE nov 2024 Est Ensemble;nov-24
Bondy;;Secteur aménagé;NPNRU;NPNRU Blanqui;Séquano;CN;;Non;CIN Plaine de l'Ourcq;Blanqui;Oui;Non;Non;Oui;;Est Ensemble Habitat;Est Ensemble Habitat;MOD;Lot 2;Rue Henri Dunant;;;En projet;;NC;;;2029;;C0663-31-0106 / 2022;42;42;0;;0;;42;NC;0;0;0;;;;;;;;0;NC;;;;;;0;;;0;;;;;;;42;;;;;;;;;;actualisation plan guide avril 2025;N Chopin DHRU;CE juin 2025 Est Ensemble;juin-25
Bondy;;Secteur aménagé;NPNRU;NPNRU Bondy secteurs centre nord;Résilience & Innovation;CN;Noue Caillet;Non;CIN Plaine de l'Ourcq;Abreuvoir Bondy Nord Centre Pont de Bondy Sablière Secteur Sud;Oui;Non;Oui;Oui;;Association Foncière Logement;;;Foncier Noue Caillet;Rue Henri Rol Tanguy;;;En projet;;NC;;;2028;;;39;39;0;;0;;;;0;0;22;;22;17;;NC;NC;NC;17;NC;;;;;;;;;;;;;;;;39;;;;;;;;;;LLI Action Logement / progr à préciser;N Chopin DHRU;CE nov 2022;mars-22
Bondy;;Secteur aménagé;NPNRU;NPNRU Blanqui;Séquano;CN;;Non;CIN Plaine de l'Ourcq;Blanqui;Oui;Non;Non;Oui;;Est Ensemble Habitat;;MOD;Lot 1;Rue Martin Luther King;;;En projet;;NC;;;2028;;C0663-31-0104 / 2022;51;51;0;;0;;;;0;0;0;;;51;;23;23;5;0;2022;;23;23;46;;0;;;0;;0;19;24;8;0;0;;;;;;;;;;ventilation 131 logts RO EEH / MOE désignée;N Chopin DHRU;CE juin 2025 Est Ensemble;janv-26
Bondy;;Secteur aménagé;NPNRU;NPNRU Blanqui;Séquano;CN;;Non;CIN Plaine de l'Ourcq;Blanqui;Oui;Non;Non;Oui;;Association Foncière Logement;;MOD;Lot 3;Rue Martin Luther King;;;En projet;;NC;;;2029;;C0663-31-0105 / 2022;53;53;0;;0;;;;0;0;53;;53;;;;;;0;NC;;;;;;0;;;0;;;;;;;53;;;;;;;;;;actualisation plan guide avril 2025;N Chopin DHRU;CE juin 2025 Est Ensemble;juin-25
Bondy;;Secteur aménagé;NPNRU;NPNRU Marnaudes La Sablière;SPL Ensemble;CN;;Non;CIN Plaine de l'Ourcq;Marnaudes - Fosses aux Bergers -La Sablière;Oui;Non;Non;Oui;;;;;Lots 6 et 7;voie nouvelle;;;En projet;;NC;;2030;2032;;;157;157;0;;96;;;;61;0;0;;;0;;;;;0;;;;;;;0;;;0;;;;;;;157;;;;;;;;;;planifié hors financement ANRU;N Chopin DHRU;CE nov 2022 Est Ensemble;nov.-24
Bondy;;Secteur aménagé;ZAC;ZAC des Rives de l'Ourcq;Séquano;CN;Secteur Salins;Non;CIN Plaine de l'Ourcq;;Non;Oui;Non;Non;;Seine-Saint-Denis Habitat;;;Lot S4b;;;;En projet;;NC;;;2030;;;20;20;0;;0;;;;0;0;0;;;20;;;;;20;NC;;NC;NC;NC;;0;;;0;;NC;NC;NC;NC;NC;20;;;;;;;;;;reprogrammation suite audit / densité S3 S4 S5 réduite de 22% SDP / fléchage RO SSDH /prog à préciser;N Chopin DHRU;Sequano DAD;sept.-25
Bondy;;Secteur aménagé;ZAC;ZAC des Rives de l'Ourcq;Séquano;CN;Secteur Salins;Non;CIN Plaine de l'Ourcq;;Non;Oui;Non;Non;;Seine-Saint-Denis Habitat;;;Lot S5;;;;En projet;;NC;;;2030;;;22;22;0;;0;;;;0;0;0;;;22;;;;;22;NC;;NC;NC;NC;;0;;;0;;NC;NC;NC;NC;NC;22;;;;;;;;;;reprogrammation suite audit / densité S3 S4 S5 réduite de 22% SDP / fléchage RO SSDH /prog à préciser;N Chopin DHRU;Sequano DAD;sept.-25
Bondy;;Secteur aménagé;ZAC;ZAC des Rives de l'Ourcq;Séquano;CN;Secteur Salins;Non;CIN Plaine de l'Ourcq;;Non;Oui;Non;Non;;Seine-Saint-Denis Habitat;;;Lot S3;;;;En projet;;NC;;;2030;;;95;95;0;;70;;;;0;0;0;;;25;;;;;25;NC;;NC;NC;NC;;0;;;0;;NC;NC;NC;NC;NC;95;;;;;;;;;;reprogrammation suite audit / densité S3 S4 S5 réduite de 22% SDP / fléchage RO SSDH /prog à préciser;N Chopin DHRU;Sequano DAD;sept.-25
Bondy;;Secteur aménagé;ZAC;ZAC des Rives de l'Ourcq;Séquano;CN;Secteur Salins;Non;CIN Plaine de l'Ourcq;;Non;Oui;Non;Non;;;;;Lot S4a;;;;En projet;;NC;;;2030;;;48;48;0;;48;;;;0;0;0;;;0;;;;;0;;;;;;;0;;;0;;NC;NC;NC;NC;NC;48;;;;;;;;;;reprogrammation suite audit / densité S3 S4 S5 réduite de 22% SDP / prog à préciser;N Chopin DHRU;SEQUANO DAD;oct.-24
Bondy;;Secteur aménagé;NPNRU;NPNRU Blanqui;Séquano;CN;;Non;CIN Plaine de l'Ourcq;Blanqui;Oui;Non;Non;Oui;;Association Foncière Logement;;;Lot 4 AB;;;;En projet;;NC;;;2031;;;55;55;0;;0;;;;0;0;55;;55;0;;;;;0;;;;;;;;;;;;;;;;;55;;;;;;;;;;actualisation plan guide avril 2025;N Chopin DHRU;CE juin 2025 Est Ensemble;juin-25
Bondy;;Secteur aménagé;NPNRU;NPNRU Blanqui;Séquano;CN;;Non;CIN Plaine de l'Ourcq;Blanqui;Oui;Non;Non;Oui;;;;;Lot 6;;;;En projet;;NC;;;2031;;;54;54;0;;54;;;;0;0;0;;;0;;;;;0;;;;;;;;;;;;;;;;;54;;;;;;;;;;actualisation plan guide avril 2025;N Chopin DHRU;CE juin 2025 Est Ensemble;juin-25
Bondy;;Secteur aménagé;NPNRU;NPNRU Blanqui;Séquano;CN;;Non;CIN Plaine de l'Ourcq;Blanqui;Oui;Non;Non;Oui;;;;;Lot 7;;;;En projet;;NC;;;2031;;;65;65;0;;65;;;;0;0;0;;;0;;;;;0;;;;;;;;;;;;;;;;;65;;;;;;;;;;actualisation plan guide avril 2025;N Chopin DHRU;CE juin 2025 Est Ensemble;juin-25
Bondy;;Secteur aménagé;NPNRU;NPNRU Blanqui;Séquano;CN;;Non;CIN Plaine de l'Ourcq;Blanqui;Oui;Non;Non;Oui;;Association Foncière Logement;;;Lot 4C;;;;En projet;;NC;;2028;2031;;;22;22;0;;0;;;;0;0;22;;22;0;;;;;0;;;;;;;;;;;;;;;;;22;;;;;;;;;;actualisation plan guide avril 2025;N Chopin DHRU;CE juin 2025 Est Ensemble;juin-25
;;;;;;;;;;;;;;;;;;;;;;;;;;;;;;;5341;7462;-2121;;3078;-158;72;;329;103;1169;;;2461;-1943;794;684;473;;;;281;294;502;;46;46;;;;654;1366;1441;822;114;3065;;;;;;;;;;;;;
