"cad","cad2"
"AV 140","AV140"
"A 190","A190"
"AE 209","AE209"
"F 108","F108"
"V 24","V24"
"AM 32","AM32"
"AM 16","AM16"
"AM 40","AM40"
"K105 107","K105107"
"F 188 189","F188"
"AV 73","AV73"
"F 108","F108"
"J 4 5 144 310 312","J4"
"AU 20 22 23","AU20"
"BC 75","BC75"
"G 119","G119"
"N 6 7 30 31","N6"
"K 54","K54"
"L 90 92 94 108 110 112 135 136","L90"
"AN 55","AN55"
"AG 146","AG146"
"BF 103","BF103"
"AG 144","AG144"
"AY 157","AY157"
"F 155","F155"
"Y 82","Y82"
"AD 82 113","AD82"
"AE 28","AE28"
"M 18 19 20 21 22 23 24 25","M18"
"F 86 87 88","F86"
"O 2 8 57 65 73 79","O2"
"AS 215","AS215"
"AN 103","AN103"
"V 107","V107"
"BH 44","BH44"
"AS 64","AS64"
"AG 85","AG85"
"J 18 298","J18"
"AU 9","AU9"
"AO 133","AO133"
"C 179","C179"
"H 90 91 92 93","H90"
"H 142","H142"
"AT 178 191","AT178"
"G 173","G173"
