"FileModifyDate","SourceFile"
"2024:02:16 10:43:34+01:00","C:/Users/bmaranget/Documents/03_SIG/03_03_Data/05_PHOTOS/parc/P2160045.JPG"
"2024:02:16 10:46:04+01:00","C:/Users/bmaranget/Documents/03_SIG/03_03_Data/05_PHOTOS/parc/P2160046.JPG"
"2024:02:16 10:48:06+01:00","C:/Users/bmaranget/Documents/03_SIG/03_03_Data/05_PHOTOS/parc/P2160047.JPG"
"2024:02:16 10:50:04+01:00","C:/Users/bmaranget/Documents/03_SIG/03_03_Data/05_PHOTOS/parc/P2160049.JPG"
"2024:02:16 10:52:26+01:00","C:/Users/bmaranget/Documents/03_SIG/03_03_Data/05_PHOTOS/parc/P2160050.JPG"
"2024:02:16 11:01:14+01:00","C:/Users/bmaranget/Documents/03_SIG/03_03_Data/05_PHOTOS/parc/P2160051.JPG"
"2024:02:16 11:01:18+01:00","C:/Users/bmaranget/Documents/03_SIG/03_03_Data/05_PHOTOS/parc/P2160052.JPG"
"2024:02:16 11:04:28+01:00","C:/Users/bmaranget/Documents/03_SIG/03_03_Data/05_PHOTOS/parc/P2160053.JPG"
"2024:02:16 11:05:46+01:00","C:/Users/bmaranget/Documents/03_SIG/03_03_Data/05_PHOTOS/parc/P2160054.JPG"
"2024:02:16 11:07:24+01:00","C:/Users/bmaranget/Documents/03_SIG/03_03_Data/05_PHOTOS/parc/P2160055.JPG"
"2024:02:16 11:09:42+01:00","C:/Users/bmaranget/Documents/03_SIG/03_03_Data/05_PHOTOS/parc/P2160056.JPG"
"2024:02:16 11:11:30+01:00","C:/Users/bmaranget/Documents/03_SIG/03_03_Data/05_PHOTOS/parc/P2160057.JPG"
"2024:02:16 11:15:40+01:00","C:/Users/bmaranget/Documents/03_SIG/03_03_Data/05_PHOTOS/parc/P2160058.JPG"
"2024:02:19 09:24:25+01:00","C:/Users/bmaranget/Documents/03_SIG/03_03_Data/05_PHOTOS/parc/P2160059.JPG"
"2024:02:16 11:22:22+01:00","C:/Users/bmaranget/Documents/03_SIG/03_03_Data/05_PHOTOS/parc/P2160060.JPG"
"2024:02:16 11:27:56+01:00","C:/Users/bmaranget/Documents/03_SIG/03_03_Data/05_PHOTOS/parc/P2160062.JPG"
"2024:02:16 11:30:04+01:00","C:/Users/bmaranget/Documents/03_SIG/03_03_Data/05_PHOTOS/parc/P2160063.JPG"
"2024:02:28 10:21:14+01:00","C:/Users/bmaranget/Documents/03_SIG/03_03_Data/05_PHOTOS/parc/P2280069.JPG"
"2024:02:28 10:23:56+01:00","C:/Users/bmaranget/Documents/03_SIG/03_03_Data/05_PHOTOS/parc/P2280070.JPG"
"2024:02:28 10:26:18+01:00","C:/Users/bmaranget/Documents/03_SIG/03_03_Data/05_PHOTOS/parc/P2280071.JPG"
"2024:02:28 10:35:54+01:00","C:/Users/bmaranget/Documents/03_SIG/03_03_Data/05_PHOTOS/parc/P2280072.JPG"
"2024:02:28 10:52:14+01:00","C:/Users/bmaranget/Documents/03_SIG/03_03_Data/05_PHOTOS/parc/P2280075.JPG"
"2024:02:28 10:59:54+01:00","C:/Users/bmaranget/Documents/03_SIG/03_03_Data/05_PHOTOS/parc/P2280076.JPG"
"2024:02:28 11:01:26+01:00","C:/Users/bmaranget/Documents/03_SIG/03_03_Data/05_PHOTOS/parc/P2280077.JPG"
"2024:02:28 11:01:56+01:00","C:/Users/bmaranget/Documents/03_SIG/03_03_Data/05_PHOTOS/parc/P2280078.JPG"
"2024:02:28 11:03:50+01:00","C:/Users/bmaranget/Documents/03_SIG/03_03_Data/05_PHOTOS/parc/P2280079.JPG"
"2024:02:28 11:06:04+01:00","C:/Users/bmaranget/Documents/03_SIG/03_03_Data/05_PHOTOS/parc/P2280080.JPG"
"2024:02:28 11:06:32+01:00","C:/Users/bmaranget/Documents/03_SIG/03_03_Data/05_PHOTOS/parc/P2280081.JPG"
"2024:02:28 11:06:44+01:00","C:/Users/bmaranget/Documents/03_SIG/03_03_Data/05_PHOTOS/parc/P2280082.JPG"
"2024:02:28 11:09:40+01:00","C:/Users/bmaranget/Documents/03_SIG/03_03_Data/05_PHOTOS/parc/P2280083.JPG"
"2024:02:28 11:09:50+01:00","C:/Users/bmaranget/Documents/03_SIG/03_03_Data/05_PHOTOS/parc/P2280084.JPG"
"2024:02:28 11:11:02+01:00","C:/Users/bmaranget/Documents/03_SIG/03_03_Data/05_PHOTOS/parc/P2280085.JPG"
"2024:02:28 11:12:06+01:00","C:/Users/bmaranget/Documents/03_SIG/03_03_Data/05_PHOTOS/parc/P2280086.JPG"
"2024:02:28 11:12:40+01:00","C:/Users/bmaranget/Documents/03_SIG/03_03_Data/05_PHOTOS/parc/P2280087.JPG"
"2024:02:28 11:13:38+01:00","C:/Users/bmaranget/Documents/03_SIG/03_03_Data/05_PHOTOS/parc/P2280088.JPG"
"2024:02:28 11:13:56+01:00","C:/Users/bmaranget/Documents/03_SIG/03_03_Data/05_PHOTOS/parc/P2280089.JPG"
"2024:02:28 11:17:04+01:00","C:/Users/bmaranget/Documents/03_SIG/03_03_Data/05_PHOTOS/parc/P2280090.JPG"
"2024:02:28 11:21:54+01:00","C:/Users/bmaranget/Documents/03_SIG/03_03_Data/05_PHOTOS/parc/P2280091.JPG"
"2024:02:28 11:24:24+01:00","C:/Users/bmaranget/Documents/03_SIG/03_03_Data/05_PHOTOS/parc/P2280092.JPG"
"2024:02:28 11:27:10+01:00","C:/Users/bmaranget/Documents/03_SIG/03_03_Data/05_PHOTOS/parc/P2280093.JPG"
"2024:02:28 11:31:24+01:00","C:/Users/bmaranget/Documents/03_SIG/03_03_Data/05_PHOTOS/parc/P2280094.JPG"
"2023:12:12 10:39:32+01:00","C:/Users/bmaranget/Documents/03_SIG/03_03_Data/05_PHOTOS/parc/PC120001.JPG"
"2023:12:12 10:42:54+01:00","C:/Users/bmaranget/Documents/03_SIG/03_03_Data/05_PHOTOS/parc/PC120002.JPG"
"2023:12:12 10:43:02+01:00","C:/Users/bmaranget/Documents/03_SIG/03_03_Data/05_PHOTOS/parc/PC120003.JPG"
"2023:12:12 10:43:30+01:00","C:/Users/bmaranget/Documents/03_SIG/03_03_Data/05_PHOTOS/parc/PC120004.JPG"
"2024:01:08 10:11:05+01:00","C:/Users/bmaranget/Documents/03_SIG/03_03_Data/05_PHOTOS/parc/PC120005.JPG"
"2023:12:12 10:49:26+01:00","C:/Users/bmaranget/Documents/03_SIG/03_03_Data/05_PHOTOS/parc/PC120006.JPG"
"2023:12:12 10:51:22+01:00","C:/Users/bmaranget/Documents/03_SIG/03_03_Data/05_PHOTOS/parc/PC120007.JPG"
"2024:01:08 10:11:15+01:00","C:/Users/bmaranget/Documents/03_SIG/03_03_Data/05_PHOTOS/parc/PC120008.JPG"
"2023:12:12 10:55:06+01:00","C:/Users/bmaranget/Documents/03_SIG/03_03_Data/05_PHOTOS/parc/PC120009.JPG"
"2023:12:12 10:59:18+01:00","C:/Users/bmaranget/Documents/03_SIG/03_03_Data/05_PHOTOS/parc/PC120010.JPG"
"2023:12:12 10:59:40+01:00","C:/Users/bmaranget/Documents/03_SIG/03_03_Data/05_PHOTOS/parc/PC120011.JPG"
"2023:12:12 11:00:06+01:00","C:/Users/bmaranget/Documents/03_SIG/03_03_Data/05_PHOTOS/parc/PC120012.JPG"
"2024:02:13 08:36:58+01:00","C:/Users/bmaranget/Documents/03_SIG/03_03_Data/05_PHOTOS/parc/PC120013.JPG"
"2023:12:12 11:13:22+01:00","C:/Users/bmaranget/Documents/03_SIG/03_03_Data/05_PHOTOS/parc/PC120014.JPG"
"2023:12:12 11:14:32+01:00","C:/Users/bmaranget/Documents/03_SIG/03_03_Data/05_PHOTOS/parc/PC120015.JPG"
"2023:12:12 11:16:54+01:00","C:/Users/bmaranget/Documents/03_SIG/03_03_Data/05_PHOTOS/parc/PC120016.JPG"
"2023:12:12 11:17:24+01:00","C:/Users/bmaranget/Documents/03_SIG/03_03_Data/05_PHOTOS/parc/PC120017.JPG"
"2024:01:08 10:51:23+01:00","C:/Users/bmaranget/Documents/03_SIG/03_03_Data/05_PHOTOS/parc/PC120018.JPG"
"2023:12:12 11:19:50+01:00","C:/Users/bmaranget/Documents/03_SIG/03_03_Data/05_PHOTOS/parc/PC120019.JPG"
"2024:01:08 10:12:39+01:00","C:/Users/bmaranget/Documents/03_SIG/03_03_Data/05_PHOTOS/parc/PC120020.JPG"
"2023:12:12 11:28:52+01:00","C:/Users/bmaranget/Documents/03_SIG/03_03_Data/05_PHOTOS/parc/PC120021.JPG"
"2024:01:08 10:12:31+01:00","C:/Users/bmaranget/Documents/03_SIG/03_03_Data/05_PHOTOS/parc/PC120022.JPG"
"2023:12:12 11:31:56+01:00","C:/Users/bmaranget/Documents/03_SIG/03_03_Data/05_PHOTOS/parc/PC120023.JPG"
"2023:12:12 11:32:02+01:00","C:/Users/bmaranget/Documents/03_SIG/03_03_Data/05_PHOTOS/parc/PC120024.JPG"
"2023:12:12 11:33:30+01:00","C:/Users/bmaranget/Documents/03_SIG/03_03_Data/05_PHOTOS/parc/PC120025.JPG"
"2023:12:12 11:33:38+01:00","C:/Users/bmaranget/Documents/03_SIG/03_03_Data/05_PHOTOS/parc/PC120026.JPG"
"2023:12:12 11:34:34+01:00","C:/Users/bmaranget/Documents/03_SIG/03_03_Data/05_PHOTOS/parc/PC120027.JPG"
"2023:12:12 11:35:10+01:00","C:/Users/bmaranget/Documents/03_SIG/03_03_Data/05_PHOTOS/parc/PC120028.JPG"
"2024:01:08 10:11:43+01:00","C:/Users/bmaranget/Documents/03_SIG/03_03_Data/05_PHOTOS/parc/PC120029.JPG"
"2024:01:08 10:11:38+01:00","C:/Users/bmaranget/Documents/03_SIG/03_03_Data/05_PHOTOS/parc/PC120030.JPG"
"2023:12:12 11:37:36+01:00","C:/Users/bmaranget/Documents/03_SIG/03_03_Data/05_PHOTOS/parc/PC120031.JPG"
"2023:12:12 11:43:48+01:00","C:/Users/bmaranget/Documents/03_SIG/03_03_Data/05_PHOTOS/parc/PC120032.JPG"
