LIBELLE,TXT,TYPEPSC,STYPEPSC,NOMFIC,URLFIC,IDURBA,DATVALID
Arbre remarquable,,"07","04",200057875_reglement_20210629.pdf,,200057875_PLUI_20210629,"20200327"
Arbre remarquable,,"07","04",200057875_reglement_20210629.pdf,,200057875_PLUI_20210629,"20200327"
Arbre remarquable,,"07","04",200057875_reglement_20210629.pdf,,200057875_PLUI_20210629,"20200327"
Arbre remarquable,,"07","04",200057875_reglement_20210629.pdf,,200057875_PLUI_20210629,"20200327"
Arbre remarquable,,"07","04",200057875_reglement_20210629.pdf,,200057875_PLUI_20210629,"20200327"
Arbre remarquable,,"07","04",200057875_reglement_20210629.pdf,,200057875_PLUI_20210629,"20200327"
Arbre remarquable,,"07","04",200057875_reglement_20210629.pdf,,200057875_PLUI_20210629,"20200327"
Point d accroche des nouvelles constructions,,"15","00",200057875_reglement_graphique_6_20210629.pdf,,200057875_PLUI_20210629,"20200327"
Point d accroche des nouvelles constructions,,"15","00",200057875_reglement_graphique_6_20210629.pdf,,200057875_PLUI_20210629,"20200327"
Arbre remarquable,,"07","04",200057875_reglement_20210629.pdf,,200057875_PLUI_20210629,"20200327"
Arbre remarquable,,"07","04",200057875_reglement_20210629.pdf,,200057875_PLUI_20210629,"20200327"
Arbre remarquable,,"07","04",200057875_reglement_20210629.pdf,,200057875_PLUI_20210629,"20200327"
Arbre remarquable,,"07","04",200057875_reglement_20210629.pdf,,200057875_PLUI_20210629,"20200327"
Arbre remarquable,,"07","04",200057875_reglement_20210629.pdf,,200057875_PLUI_20210629,"20200327"
Arbre remarquable,,"07","04",200057875_reglement_20210629.pdf,,200057875_PLUI_20210629,"20200327"
Arbre remarquable,,"07","04",200057875_reglement_20210629.pdf,,200057875_PLUI_20210629,"20200327"
Arbre remarquable,,"07","04",200057875_reglement_20210629.pdf,,200057875_PLUI_20210629,"20200327"
Arbre remarquable,,"07","04",200057875_reglement_20210629.pdf,,200057875_PLUI_20210629,"20200327"
Arbre remarquable,,"07","04",200057875_reglement_20210629.pdf,,200057875_PLUI_20210629,"20200327"
Arbre remarquable,,"07","04",200057875_reglement_20210629.pdf,,200057875_PLUI_20210629,"20200327"
Arbre remarquable,,"07","04",200057875_reglement_20210629.pdf,,200057875_PLUI_20210629,"20200327"
Arbre remarquable,,"07","04",200057875_reglement_20210629.pdf,,200057875_PLUI_20210629,"20200327"
Arbre remarquable,,"07","04",200057875_reglement_20210629.pdf,,200057875_PLUI_20210629,"20200327"
Arbre remarquable,,"07","04",200057875_reglement_20210629.pdf,,200057875_PLUI_20210629,"20200327"
Arbre remarquable,,"07","04",200057875_reglement_20210629.pdf,,200057875_PLUI_20210629,"20200327"
Arbre remarquable,,"07","04",200057875_reglement_20210629.pdf,,200057875_PLUI_20210629,"20200327"
Arbre remarquable,,"07","04",200057875_reglement_20210629.pdf,,200057875_PLUI_20210629,"20200327"
Arbre remarquable,,"07","04",200057875_reglement_20210629.pdf,,200057875_PLUI_20210629,"20200327"
Arbre remarquable,,"07","04",200057875_reglement_20210629.pdf,,200057875_PLUI_20210629,"20200327"
Arbre remarquable,,"07","04",200057875_reglement_20210629.pdf,,200057875_PLUI_20210629,"20200327"
Arbre remarquable,,"07","04",200057875_reglement_20210629.pdf,,200057875_PLUI_20210629,"20200327"
Arbre remarquable,,"07","04",200057875_reglement_20210629.pdf,,200057875_PLUI_20210629,"20200327"
Arbre remarquable,,"07","04",200057875_reglement_20210629.pdf,,200057875_PLUI_20210629,"20200327"
Arbre remarquable,,"07","04",200057875_reglement_20210629.pdf,,200057875_PLUI_20210629,"20200327"
Arbre remarquable,,"07","04",200057875_reglement_20210629.pdf,,200057875_PLUI_20210629,"20200327"
Arbre remarquable,,"07","04",200057875_reglement_20210629.pdf,,200057875_PLUI_20210629,"20200327"
Arbre remarquable,,"07","04",200057875_reglement_20210629.pdf,,200057875_PLUI_20210629,"20200327"
Arbre remarquable,,"07","04",200057875_reglement_20210629.pdf,,200057875_PLUI_20210629,"20200327"
Arbre remarquable,,"07","04",200057875_reglement_20210629.pdf,,200057875_PLUI_20210629,"20200327"
Arbre remarquable,,"07","04",200057875_reglement_20210629.pdf,,200057875_PLUI_20210629,"20200327"
Arbre remarquable,,"07","04",200057875_reglement_20210629.pdf,,200057875_PLUI_20210629,"20200327"
Arbre remarquable,,"07","04",200057875_reglement_20210629.pdf,,200057875_PLUI_20210629,"20200327"
Arbre remarquable,,"07","04",200057875_reglement_20210629.pdf,,200057875_PLUI_20210629,"20200327"
Arbre remarquable,,"07","04",200057875_reglement_20210629.pdf,,200057875_PLUI_20210629,"20200327"
Arbre remarquable,,"07","04",200057875_reglement_20210629.pdf,,200057875_PLUI_20210629,"20200327"
Arbre remarquable,,"07","04",200057875_reglement_20210629.pdf,,200057875_PLUI_20210629,"20200327"
Arbre remarquable,,"07","04",200057875_reglement_20210629.pdf,,200057875_PLUI_20210629,"20200327"
Hebergement hotelier,,"36","00",200057875_reglement_20210629.pdf,,200057875_PLUI_20210629,"20200327"
Batiment signal,,"39","00",200057875_reglement_20210629.pdf,,200057875_PLUI_20210629,"20200327"
Arbre remarquable,,"07","04",200057875_reglement_20210629.pdf,,200057875_PLUI_20210629,"20200327"
Arbre remarquable,,"07","04",200057875_reglement_20210629.pdf,,200057875_PLUI_20210629,"20200327"
Arbre remarquable,,"07","04",200057875_reglement_20210629.pdf,,200057875_PLUI_20210629,"20200327"
Arbre remarquable,,"07","04",200057875_reglement_20210629.pdf,,200057875_PLUI_20210629,"20200327"
Arbre remarquable,,"07","04",200057875_reglement_20210629.pdf,,200057875_PLUI_20210629,"20200327"
Arbre remarquable,,"07","04",200057875_reglement_20210629.pdf,,200057875_PLUI_20210629,"20200327"
Arbre remarquable,,"07","04",200057875_reglement_20210629.pdf,,200057875_PLUI_20210629,"20200327"
Arbre remarquable,,"07","04",200057875_reglement_20210629.pdf,,200057875_PLUI_20210629,"20200327"
Arbre remarquable,,"07","04",200057875_reglement_20210629.pdf,,200057875_PLUI_20210629,"20200327"
Arbre remarquable,,"07","04",200057875_reglement_20210629.pdf,,200057875_PLUI_20210629,"20200327"
Arbre remarquable,,"07","04",200057875_reglement_20210629.pdf,,200057875_PLUI_20210629,"20200327"
